ts,used_mib,free_mib
1780331305.944118694,221, 11873
1780331307.009070995,221, 11873
1780331308.060503344,221, 11873
1780331309.111417002,221, 11873
1780331310.166411321,221, 11873
1780331311.210834993,221, 11873
1780331312.272384271,221, 11873
1780331313.324531966,221, 11873
1780331314.377197167,221, 11873
1780331315.428821479,221, 11873
1780331316.486456698,221, 11873
1780331317.533678991,221, 11873
1780331318.585709233,221, 11873
1780331319.637591805,221, 11873
1780331320.695218924,221, 11873
1780331321.784054805,221, 11873
1780331322.842338660,221, 11873
1780331323.898540241,221, 11873
1780331324.962337099,221, 11873
1780331326.008215805,221, 11873
1780331327.055794916,221, 11873
1780331328.113261216,221, 11873
1780331329.167931457,221, 11873
1780331330.223825991,221, 11873
1780331331.283352319,221, 11873
1780331332.341827360,221, 11873
1780331333.413672399,221, 11873
1780331334.471164176,221, 11873
1780331335.531971009,221, 11873
1780331336.580010490,221, 11873
1780331337.632895649,221, 11873
1780331338.686374558,223, 11871
1780331339.732438148,223, 11871
1780331340.770289841,223, 11871
1780331341.821154989,223, 11871
1780331342.888800016,223, 11871
1780331343.961028621,221, 11873
1780331345.015735450,221, 11873
1780331346.065843850,221, 11873
1780331347.124671830,221, 11873
1780331348.175653747,221, 11873
1780331349.232062980,221, 11873
1780331350.286915112,221, 11873
1780331351.342354875,221, 11873
1780331352.413303449,221, 11873
1780331353.477051549,221, 11873
1780331354.539028637,221, 11873
1780331355.590204858,221, 11873
1780331356.634704816,221, 11873
1780331357.690818582,221, 11873
1780331358.735507883,221, 11873
1780331359.792863839,221, 11873
1780331360.838473073,229, 11865
1780331361.879284087,443, 11651
1780331362.923464025,443, 11651
1780331363.967035963,443, 11651
1780331365.008247189,443, 11651
1780331366.048022295,443, 11651
1780331367.090828804,443, 11651
1780331368.143624267,475, 11619
1780331369.201337698,475, 11619
1780331370.259212239,475, 11619
1780331371.301387170,4353, 7741
1780331372.348052489,4395, 7699
1780331373.398441292,4401, 7693
1780331374.442819878,3701, 8393
1780331375.488676913,3701, 8393
1780331376.537137337,3949, 8145
1780331377.582595912,3949, 8145
1780331378.631284683,3949, 8145
1780331379.675468881,3949, 8145
1780331380.715856597,3949, 8145
1780331381.769289981,4445, 7649
1780331382.844757988,5545, 6549
1780331383.890538802,8789, 3305
1780331384.941536102,8861, 3233
1780331386.003261108,8981, 3113
1780331387.049630016,8981, 3113
1780331388.090198200,8981, 3113
1780331389.129138409,8993, 3101
1780331390.176380621,8993, 3101
1780331391.217469104,8993, 3101
1780331392.259108520,8993, 3101
1780331393.305263893,8993, 3101
1780331394.355449935,8993, 3101
1780331395.401457902,8993, 3101
1780331396.448014619,8993, 3101
1780331397.495300060,8993, 3101
1780331398.542887563,8993, 3101
1780331399.592405596,8993, 3101
1780331400.637958729,8993, 3101
1780331401.676268209,8993, 3101
1780331402.719467335,8993, 3101
1780331403.762955367,8993, 3101
1780331404.814493297,8993, 3101
1780331405.861830221,8993, 3101
1780331406.904765897,8993, 3101
1780331407.944912211,8993, 3101
1780331408.992513662,8993, 3101
1780331410.035186229,8993, 3101
1780331411.076447857,8993, 3101
1780331412.128356779,8993, 3101
1780331413.168891186,8993, 3101
1780331414.207933209,8993, 3101
1780331415.247437174,8993, 3101
1780331416.288991031,8993, 3101
1780331417.331420278,8993, 3101
1780331418.383560765,8993, 3101
1780331419.442957885,8993, 3101
1780331420.483656618,8993, 3101
1780331421.574772766,8993, 3101
1780331422.612647545,8993, 3101
1780331423.668215473,8993, 3101
1780331424.708628374,4373, 7721
1780331425.758290653,221, 11873
1780331426.799542285,221, 11873
1780331427.846895022,221, 11873
1780331428.900757581,221, 11873
1780331429.947122018,221, 11873
1780331430.989885948,221, 11873
1780331432.031888272,221, 11873
1780331433.073949651,221, 11873
1780331434.117722742,221, 11873
1780331435.160475367,221, 11873
1780331436.200359471,481, 11613
1780331437.244746778,8233, 3861
1780331438.293039156,8233, 3861
1780331439.340177248,8233, 3861
1780331440.385304572,8233, 3861
1780331441.431594503,8359, 3735
1780331442.476580992,8555, 3539
1780331443.527218470,9197, 2897
1780331444.583591095,9577, 2517
1780331445.714362342,10317, 1777
1780331446.757832011,10319, 1775
1780331447.802682345,10319, 1775
1780331448.841240754,10319, 1775
1780331449.883090485,10319, 1775
1780331450.922857409,10319, 1775
1780331451.968201975,10319, 1775
1780331453.008317719,10319, 1775
1780331454.064738929,10319, 1775
1780331455.104833444,10319, 1775
1780331456.149179693,443, 11651
1780331457.206674841,443, 11651
1780331458.250531580,221, 11873
1780331459.302901915,221, 11873
1780331460.361458224,221, 11873
1780331461.409583005,221, 11873
1780331462.463552869,221, 11873
1780331463.509102647,221, 11873
1780331464.559017682,221, 11873
1780331465.613734215,221, 11873
1780331466.671894194,221, 11873
1780331467.718737032,221, 11873
1780331468.768435317,221, 11873
1780331469.825030719,221, 11873
1780331470.874325677,221, 11873
1780331471.929248143,221, 11873
1780331472.973814140,221, 11873
1780331474.032006912,221, 11873
1780331475.079837318,221, 11873
1780331476.130779501,221, 11873
1780331477.186254320,221, 11873
1780331478.235556709,221, 11873
1780331479.285362143,221, 11873
1780331480.327129067,221, 11873
1780331481.371093464,221, 11873
1780331482.428883751,221, 11873
1780331483.483145600,221, 11873
1780331484.535211561,221, 11873
1780331485.585803807,221, 11873
1780331486.626342135,221, 11873
1780331487.664848605,221, 11873
1780331488.717710545,221, 11873
1780331489.772237887,221, 11873
1780331490.819691797,221, 11873
1780331491.868919547,221, 11873
1780331492.921560357,221, 11873
1780331493.968066290,221, 11873
1780331495.012074590,221, 11873
1780331496.071816696,221, 11873
1780331497.123385249,221, 11873
1780331498.175200497,221, 11873
1780331499.221484663,221, 11873
1780331500.273650179,221, 11873
1780331501.323574016,221, 11873
1780331502.366024240,221, 11873
1780331503.416941051,221, 11873
1780331504.471419034,221, 11873
1780331505.513054374,221, 11873
1780331506.562763840,221, 11873
1780331507.607633199,221, 11873
1780331508.671734656,221, 11873
1780331509.726165900,221, 11873
1780331510.782227301,221, 11873
1780331511.842374490,221, 11873
1780331512.900822896,221, 11873
1780331513.942224030,221, 11873
1780331514.991633424,221, 11873
1780331516.046593889,221, 11873
1780331517.099843670,221, 11873
1780331518.159450887,221, 11873
1780331519.209642113,221, 11873
1780331520.262447813,221, 11873
1780331521.314314273,221, 11873
1780331522.366769371,221, 11873
1780331523.421820683,221, 11873
1780331524.473646998,221, 11873
1780331525.549266015,221, 11873
1780331526.590249019,221, 11873
1780331527.639885005,221, 11873
1780331528.684409592,221, 11873
1780331529.733930022,221, 11873
1780331530.782032378,221, 11873
1780331531.833411367,221, 11873
1780331532.884256301,221, 11873
1780331533.935033172,221, 11873
1780331534.985771193,221, 11873
1780331536.036999487,221, 11873
1780331537.083021351,221, 11873
1780331538.145858215,221, 11873
1780331539.194413278,221, 11873
1780331540.251222750,221, 11873
1780331541.302285890,221, 11873
1780331542.359952600,221, 11873
1780331543.407562792,221, 11873
1780331544.460071054,221, 11873
1780331545.507072189,221, 11873
1780331546.547761997,223, 11871
1780331547.625432624,223, 11871
1780331548.675264242,223, 11871
1780331549.726208628,223, 11871
1780331550.771225287,223, 11871
1780331551.812327964,223, 11871
1780331552.851521478,221, 11873
1780331553.904366563,221, 11873
1780331554.961086092,221, 11873
1780331556.068170622,221, 11873
1780331557.120239246,221, 11873
1780331558.170302689,221, 11873
1780331559.228135795,221, 11873
1780331560.276788958,221, 11873
1780331561.329576415,221, 11873
1780331562.388722576,221, 11873
1780331563.440029684,221, 11873
1780331564.492086022,221, 11873
1780331565.546938070,221, 11873
1780331566.586261521,221, 11873
1780331567.636734580,221, 11873
1780331568.684567186,221, 11873
1780331569.740289384,221, 11873
1780331570.793997284,221, 11873
1780331571.845102288,221, 11873
1780331572.891667496,221, 11873
1780331573.945487594,221, 11873
1780331575.009748092,221, 11873
1780331576.064125227,221, 11873
1780331577.118263662,221, 11873
1780331578.173231426,221, 11873
1780331579.232981610,221, 11873
1780331580.283762786,221, 11873
1780331581.330616845,221, 11873
1780331582.379963348,221, 11873
1780331583.433780217,221, 11873
1780331584.481871701,221, 11873
1780331585.531966412,221, 11873
1780331586.596741884,221, 11873
1780331587.674979874,221, 11873
1780331588.728056026,221, 11873
1780331589.782554536,221, 11873
1780331590.831577731,221, 11873
1780331591.879509353,221, 11873
1780331592.932241941,221, 11873
1780331593.979938881,221, 11873
1780331595.035010660,221, 11873
1780331596.085226994,221, 11873
1780331597.148409593,221, 11873
1780331598.199448269,221, 11873
1780331599.257880176,221, 11873
1780331600.309185191,221, 11873
1780331601.361983464,221, 11873
1780331602.413707930,221, 11873
1780331603.470935995,221, 11873
1780331604.529405531,221, 11873
1780331605.589742900,221, 11873
1780331606.633560107,221, 11873
1780331607.670550294,221, 11873
1780331608.725299570,221, 11873
1780331609.781714857,221, 11873
1780331610.826384768,221, 11873
1780331611.877747727,221, 11873
1780331612.927584809,221, 11873
1780331613.981898596,221, 11873
1780331615.034423620,221, 11873
1780331616.083443859,221, 11873
1780331617.239113199,221, 11873
1780331618.299737683,221, 11873
1780331619.346787333,221, 11873
1780331620.401113091,221, 11873
1780331621.453178373,221, 11873
1780331622.493392477,221, 11873
1780331623.532426636,221, 11873
1780331624.578948609,221, 11873
1780331625.635384578,221, 11873
1780331626.673936634,221, 11873
1780331627.713444829,221, 11873
1780331628.760648444,221, 11873
1780331629.817188362,221, 11873
1780331630.869824061,221, 11873
1780331631.919760907,221, 11873
1780331632.990729188,221, 11873
1780331634.043535179,221, 11873
1780331635.090677895,221, 11873
1780331636.145602950,221, 11873
1780331637.200585996,221, 11873
1780331638.256542221,221, 11873
1780331639.312019961,221, 11873
1780331640.364231715,221, 11873
1780331641.414092269,221, 11873
1780331642.467361234,221, 11873
1780331643.522704093,221, 11873
1780331644.581262154,221, 11873
1780331645.629743741,221, 11873
1780331646.689497611,221, 11873
1780331647.833409124,221, 11873
1780331648.894643016,221, 11873
1780331649.945748228,221, 11873
1780331650.996862187,221, 11873
1780331652.080149977,221, 11873
1780331653.137398829,221, 11873
1780331654.199943339,221, 11873
1780331655.254106853,221, 11873
1780331656.304163351,221, 11873
1780331657.357560303,221, 11873
1780331658.411483131,221, 11873
1780331659.459465776,221, 11873
1780331660.515742508,221, 11873
1780331661.562931443,221, 11873
1780331662.631561989,221, 11873
1780331663.692427977,221, 11873
1780331664.750431067,221, 11873
1780331665.807312055,221, 11873
1780331666.859279172,221, 11873
1780331667.907736364,221, 11873
1780331668.991804689,221, 11873
1780331670.046907599,221, 11873
1780331671.104363518,221, 11873
1780331672.164804024,221, 11873
1780331673.224668388,221, 11873
1780331674.277499259,221, 11873
1780331675.339220764,221, 11873
1780331676.378491011,221, 11873
1780331677.427341326,221, 11873
1780331678.466863535,221, 11873
1780331679.515420195,221, 11873
1780331680.558836419,221, 11873
1780331681.597914465,221, 11873
1780331682.697353286,221, 11873
1780331683.741347984,221, 11873
1780331684.790970436,221, 11873
1780331685.845614722,221, 11873
1780331686.889961594,221, 11873
1780331687.930962298,221, 11873
1780331688.981596409,221, 11873
1780331690.041261774,221, 11873
1780331691.095493752,221, 11873
1780331692.153769037,221, 11873
1780331693.210791706,221, 11873
1780331694.254897075,221, 11873
1780331695.312670749,221, 11873
1780331696.387426676,221, 11873
1780331697.441854293,221, 11873
1780331698.493271076,221, 11873
1780331699.542264267,221, 11873
1780331700.596051034,221, 11873
1780331701.642204879,221, 11873
1780331702.689085301,221, 11873
1780331703.741160119,221, 11873
1780331704.789623564,221, 11873
1780331705.840662327,221, 11873
1780331706.896058580,221, 11873
1780331707.981324206,221, 11873
1780331709.025883064,221, 11873
1780331710.079747833,221, 11873
1780331711.133726749,221, 11873
1780331712.193580780,221, 11873
1780331713.235734800,221, 11873
1780331714.287081174,221, 11873
1780331715.333713097,221, 11873
1780331716.384222398,221, 11873
1780331717.434584773,221, 11873
1780331718.488424849,221, 11873
1780331719.528808713,221, 11873
1780331720.574826568,221, 11873
1780331721.614732288,221, 11873
1780331722.658694313,221, 11873
1780331723.710494042,221, 11873
1780331724.761471933,221, 11873
1780331725.817621093,221, 11873
1780331726.866146830,221, 11873
1780331727.917846052,221, 11873
1780331728.969403071,221, 11873
1780331730.018596053,221, 11873
1780331731.081189133,221, 11873
1780331732.126745813,221, 11873
1780331733.189879711,221, 11873
1780331734.247515705,221, 11873
1780331735.301908618,221, 11873
1780331736.358111006,221, 11873
1780331737.415845759,221, 11873
1780331738.466016448,221, 11873
1780331739.543506793,221, 11873
1780331740.596253460,221, 11873
1780331741.640964263,221, 11873
1780331742.692877664,221, 11873
1780331743.750536192,221, 11873
1780331744.791930717,221, 11873
1780331745.845258229,221, 11873
1780331746.896741624,221, 11873
1780331747.966675997,221, 11873
1780331749.017562216,221, 11873
1780331750.076581133,221, 11873
1780331751.128511575,221, 11873
1780331752.181210847,221, 11873
1780331753.241855080,221, 11873
1780331754.300044202,221, 11873
1780331755.361207543,221, 11873
1780331756.412043839,221, 11873
1780331757.465600842,221, 11873
1780331758.514633786,221, 11873
1780331759.569203899,221, 11873
1780331760.618124445,221, 11873
1780331761.656670725,221, 11873
1780331762.697812621,221, 11873
1780331763.747768702,221, 11873
1780331764.817711481,221, 11873
1780331765.868862866,221, 11873
1780331766.926913446,221, 11873
1780331767.976712442,221, 11873
1780331769.029247997,221, 11873
1780331770.161212610,221, 11873
1780331771.216558868,221, 11873
1780331772.260987197,221, 11873
1780331773.305234477,221, 11873
1780331774.352854827,221, 11873
1780331775.402752501,221, 11873
1780331776.452454149,221, 11873
1780331777.506920641,221, 11873
1780331778.562348197,221, 11873
1780331779.618410459,221, 11873
1780331780.673857177,221, 11873
1780331781.731058413,221, 11873
1780331782.776479605,221, 11873
1780331783.836439845,221, 11873
1780331784.897655103,221, 11873
1780331785.942195191,221, 11873
1780331787.004983702,221, 11873
1780331788.084987501,221, 11873
1780331789.137917669,221, 11873
1780331790.192317310,221, 11873
1780331791.237570968,221, 11873
1780331792.290336382,221, 11873
1780331793.339585627,221, 11873
1780331794.391265654,221, 11873
1780331795.442330924,221, 11873
1780331796.491908437,221, 11873
1780331797.541034532,221, 11873
1780331798.592721003,221, 11873
1780331799.637987705,221, 11873
1780331800.778564137,221, 11873
1780331801.822245008,221, 11873
1780331802.879363020,221, 11873
1780331803.932519690,221, 11873
1780331804.983590394,221, 11873
1780331806.032628719,221, 11873
1780331807.087151303,221, 11873
1780331808.150087191,221, 11873
1780331809.205924275,221, 11873
1780331810.258222136,221, 11873
1780331811.306695854,221, 11873
1780331812.358863378,221, 11873
1780331813.411323943,221, 11873
1780331814.464121590,221, 11873
1780331815.529355761,221, 11873
1780331816.620149216,221, 11873
1780331817.693496690,221, 11873
1780331818.749519790,221, 11873
1780331819.802641089,221, 11873
1780331820.851972470,221, 11873
1780331821.894170126,221, 11873
1780331822.938808701,221, 11873
1780331823.988066535,221, 11873
1780331825.035939570,221, 11873
1780331826.087363738,221, 11873
1780331827.135409213,221, 11873
1780331828.190013026,221, 11873
1780331829.241313818,221, 11873
1780331830.297275095,221, 11873
1780331831.350257215,221, 11873
1780331832.409747138,221, 11873
1780331833.463782303,221, 11873
1780331834.505371942,221, 11873
1780331835.560048600,221, 11873
1780331836.605659345,221, 11873
1780331837.688896534,221, 11873
1780331838.740430561,221, 11873
1780331839.793418912,221, 11873
1780331840.843320722,221, 11873
1780331841.892713856,221, 11873
1780331842.943374392,221, 11873
1780331843.992841770,221, 11873
1780331845.044815153,221, 11873
1780331846.095427885,221, 11873
1780331847.170299136,221, 11873
1780331848.220963405,221, 11873
1780331849.276602559,221, 11873
1780331850.322790252,221, 11873
1780331851.376511672,221, 11873
1780331852.432154754,221, 11873
1780331853.480912844,221, 11873
1780331854.530505912,221, 11873
1780331855.581566390,221, 11873
1780331856.624839061,221, 11873
1780331857.665328550,221, 11873
1780331858.716802036,221, 11873
1780331859.768301672,221, 11873
1780331860.816454161,221, 11873
1780331861.909151585,221, 11873
1780331862.961752446,221, 11873
1780331864.008819952,221, 11873
1780331865.054459151,221, 11873
1780331866.110031966,221, 11873
1780331867.164901593,221, 11873
1780331868.226922075,221, 11873
1780331869.278556120,221, 11873
1780331870.335676761,221, 11873
1780331871.391551665,221, 11873
1780331872.448309601,221, 11873
1780331873.505242983,221, 11873
1780331874.547045224,221, 11873
1780331875.607657504,221, 11873
1780331876.660746706,221, 11873
1780331877.712061121,221, 11873
1780331878.766647070,221, 11873
1780331879.817163167,221, 11873
1780331880.869499313,221, 11873
1780331881.922234502,221, 11873
1780331882.973134844,221, 11873
1780331884.027019120,221, 11873
1780331885.081277984,221, 11873
1780331886.134727953,221, 11873
1780331887.176377737,221, 11873
1780331888.237086217,221, 11873
1780331889.292171781,221, 11873
1780331890.341110149,221, 11873
1780331891.393434240,221, 11873
1780331892.450085798,221, 11873
1780331893.496912597,221, 11873
1780331894.546582522,221, 11873
1780331895.599526203,221, 11873
1780331896.638273453,221, 11873
1780331897.688675191,221, 11873
1780331898.740979362,221, 11873
1780331899.791372441,221, 11873
1780331900.853793633,221, 11873
1780331901.902522585,221, 11873
1780331902.947510514,221, 11873
1780331904.005208681,221, 11873
1780331905.055719962,221, 11873
1780331906.111641422,221, 11873
1780331907.167792705,221, 11873
1780331908.227526940,221, 11873
1780331909.281308958,221, 11873
1780331910.331874260,221, 11873
1780331911.373342764,221, 11873
1780331912.421099087,221, 11873
1780331913.472496984,221, 11873
1780331914.522060211,221, 11873
1780331915.565675243,221, 11873
1780331916.619403770,221, 11873
1780331917.661815645,221, 11873
1780331918.709675635,221, 11873
1780331919.756441745,221, 11873
1780331920.801574413,221, 11873
1780331921.840442142,221, 11873
1780331922.929036525,221, 11873
1780331923.979923155,221, 11873
1780331925.040034328,221, 11873
1780331926.085750405,221, 11873
1780331927.139664598,221, 11873
1780331928.197251414,221, 11873
1780331929.253622388,221, 11873
1780331930.312747999,221, 11873
1780331931.361551488,221, 11873
1780331932.418463503,221, 11873
1780331933.473002021,221, 11873
1780331934.513632484,221, 11873
1780331935.562330732,221, 11873
1780331936.643134845,221, 11873
1780331937.694064521,221, 11873
1780331938.738319676,221, 11873
1780331939.784967346,221, 11873
1780331940.839726429,221, 11873
1780331941.894203515,221, 11873
1780331942.943603480,221, 11873
1780331943.996151873,221, 11873
1780331945.047807829,221, 11873
1780331946.098812938,221, 11873
1780331947.151529265,221, 11873
1780331948.212826108,221, 11873
1780331949.262637621,221, 11873
1780331950.311348923,221, 11873
1780331951.368367699,221, 11873
1780331952.423820484,221, 11873
1780331953.473663991,221, 11873
1780331954.525825493,221, 11873
1780331955.573683379,221, 11873
1780331956.613527371,221, 11873
1780331957.658712855,221, 11873
1780331958.713487124,221, 11873
1780331959.771930843,221, 11873
1780331960.830199005,221, 11873
1780331961.884157030,221, 11873
1780331962.936123711,221, 11873
1780331964.020028159,221, 11873
1780331965.072432078,221, 11873
1780331966.123342057,221, 11873
1780331967.172665122,221, 11873
1780331968.226836896,221, 11873
1780331969.283787946,221, 11873
1780331970.334510801,221, 11873
1780331971.388310648,221, 11873
1780331972.442226861,221, 11873
1780331973.493668736,221, 11873
1780331974.545429855,221, 11873
1780331975.591421184,221, 11873
1780331976.645281498,221, 11873
1780331977.687286060,221, 11873
1780331978.749589254,221, 11873
1780331979.794892910,221, 11873
1780331980.851300367,221, 11873
1780331981.905810795,221, 11873
1780331982.955933171,221, 11873
1780331984.070209737,221, 11873
1780331985.121549056,221, 11873
1780331986.175806511,221, 11873
1780331987.229194051,221, 11873
1780331988.287095190,221, 11873
1780331989.340789949,221, 11873
1780331990.385864685,221, 11873
1780331991.436993173,221, 11873
1780331992.478850464,221, 11873
1780331993.525287306,221, 11873
1780331994.576016010,221, 11873
1780331995.632661699,221, 11873
1780331996.672227480,221, 11873
1780331997.717593728,221, 11873
1780331998.773495901,221, 11873
1780331999.825539030,221, 11873
1780332000.881108978,221, 11873
1780332001.940328306,221, 11873
1780332002.990630549,221, 11873
1780332004.046326082,221, 11873
1780332005.101374100,221, 11873
1780332006.149260046,221, 11873
1780332007.189906036,221, 11873
1780332008.242725305,221, 11873
1780332009.297500095,221, 11873
1780332010.344669737,221, 11873
1780332011.400306248,221, 11873
1780332012.456786569,221, 11873
1780332013.508280308,221, 11873
1780332014.653281946,221, 11873
1780332015.712199550,221, 11873
1780332016.767351883,221, 11873
1780332017.818904735,221, 11873
1780332018.871290768,221, 11873
1780332019.926215771,221, 11873
1780332020.981391918,221, 11873
1780332022.035945369,221, 11873
1780332023.080408672,221, 11873
1780332024.140779022,221, 11873
1780332025.193938477,221, 11873
1780332026.248094117,221, 11873
1780332027.296999779,221, 11873
1780332028.351745416,221, 11873
1780332029.403377482,221, 11873
1780332030.449419842,221, 11873
1780332031.515806947,221, 11873
1780332032.576024028,221, 11873
1780332033.631391553,221, 11873
1780332034.681919678,221, 11873
1780332035.734812871,221, 11873
1780332036.790029001,221, 11873
1780332037.842097387,221, 11873
1780332038.898648500,221, 11873
1780332039.950047731,221, 11873
1780332041.006971228,221, 11873
1780332042.062071368,221, 11873
1780332043.113742058,221, 11873
1780332044.169006105,221, 11873
1780332045.254086968,221, 11873
1780332046.306123780,221, 11873
1780332047.361156852,221, 11873
1780332048.418223539,221, 11873
1780332049.472428493,221, 11873
1780332050.530183975,221, 11873
1780332051.585084853,221, 11873
1780332052.653388824,221, 11873
1780332053.707890728,221, 11873
1780332054.765474630,221, 11873
1780332055.819636832,221, 11873
1780332056.878308165,221, 11873
1780332057.927101281,221, 11873
1780332058.974113438,221, 11873
1780332060.034625681,221, 11873
1780332061.088796260,221, 11873
1780332062.146316767,221, 11873
1780332063.193857036,221, 11873
1780332064.252247827,221, 11873
1780332065.309410560,221, 11873
1780332066.359635226,221, 11873
1780332067.405086671,221, 11873
1780332068.455759790,221, 11873
1780332069.511239098,221, 11873
1780332070.561809767,221, 11873
1780332071.617869602,221, 11873
1780332072.664339368,221, 11873
1780332073.718781086,221, 11873
1780332074.774006185,221, 11873
1780332075.843129539,221, 11873
1780332076.896087029,221, 11873
1780332077.977259687,221, 11873
1780332079.033073663,221, 11873
1780332080.086679589,221, 11873
1780332081.148406778,221, 11873
1780332082.202221264,221, 11873
1780332083.258302210,221, 11873
1780332084.309245211,221, 11873
1780332085.357564560,221, 11873
1780332086.407755974,221, 11873
1780332087.457969555,221, 11873
1780332088.500346245,221, 11873
1780332089.551247770,221, 11873
1780332090.598778704,221, 11873
1780332091.646573077,221, 11873
1780332092.687057221,221, 11873
1780332093.744593920,221, 11873
1780332094.801649071,221, 11873
1780332095.844659690,221, 11873
1780332096.895910843,221, 11873
1780332097.950143055,221, 11873
1780332099.013789303,221, 11873
1780332100.067203324,221, 11873
1780332101.117300623,221, 11873
1780332102.174465665,221, 11873
1780332103.217663073,221, 11873
1780332104.276970691,221, 11873
1780332105.330344351,221, 11873
1780332106.410809594,221, 11873
1780332107.470599325,221, 11873
1780332108.521281912,221, 11873
1780332109.580267639,221, 11873
1780332110.640205335,221, 11873
1780332111.682063156,221, 11873
1780332112.730442498,221, 11873
1780332113.775837295,221, 11873
1780332114.832908001,221, 11873
1780332115.886507156,221, 11873
1780332116.941697056,221, 11873
1780332117.994516896,221, 11873
1780332119.045475842,221, 11873
1780332120.089868898,221, 11873
1780332121.147334589,221, 11873
1780332122.200581141,221, 11873
1780332123.253262053,221, 11873
1780332124.300470431,221, 11873
1780332125.350144120,221, 11873
1780332126.402225549,221, 11873
1780332127.443471868,221, 11873
1780332128.488450818,221, 11873
1780332129.540077058,221, 11873
1780332130.596045134,221, 11873
1780332131.657301202,221, 11873
1780332132.714665976,221, 11873
1780332133.771093703,221, 11873
1780332134.827597128,221, 11873
1780332135.872429609,221, 11873
1780332136.996432199,221, 11873
1780332138.040910256,221, 11873
1780332139.094733442,221, 11873
1780332140.148316990,221, 11873
1780332141.200914482,221, 11873
1780332142.256417967,221, 11873
1780332143.307699674,221, 11873
1780332144.358915963,221, 11873
1780332145.407672545,221, 11873
1780332146.465088215,221, 11873
1780332147.526234901,221, 11873
1780332148.582898596,221, 11873
1780332149.635009234,221, 11873
1780332150.694265887,221, 11873
1780332151.749158573,221, 11873
1780332152.802952665,221, 11873
1780332153.856128943,221, 11873
1780332154.906364736,221, 11873
1780332155.963309099,221, 11873
1780332157.020410867,221, 11873
1780332158.065153108,221, 11873
1780332159.120141631,221, 11873
1780332160.174560786,221, 11873
1780332161.220525469,221, 11873
1780332162.275912846,221, 11873
1780332163.325488766,221, 11873
1780332164.383855323,221, 11873
1780332165.433309280,221, 11873
1780332166.514986820,221, 11873
1780332167.604985192,221, 11873
1780332168.664052491,221, 11873
1780332169.715347772,221, 11873
1780332170.772896724,221, 11873
1780332171.830655146,221, 11873
1780332172.888481192,221, 11873
1780332173.936055892,221, 11873
1780332174.980520687,221, 11873
1780332176.037843037,221, 11873
1780332177.086150329,221, 11873
1780332178.142117910,221, 11873
1780332179.198606339,221, 11873
1780332180.254700485,221, 11873
1780332181.311170247,221, 11873
1780332182.369214432,221, 11873
1780332183.427864699,221, 11873
1780332184.476404613,221, 11873
1780332185.526579122,221, 11873
1780332186.571848346,221, 11873
1780332187.619487178,221, 11873
1780332188.673752391,221, 11873
1780332189.725256659,221, 11873
1780332190.782186056,221, 11873
1780332191.857921044,221, 11873
1780332192.907355231,221, 11873
1780332193.958727417,221, 11873
1780332195.008206719,221, 11873
1780332196.066497492,221, 11873
1780332197.122559177,221, 11873
1780332198.238184604,221, 11873
1780332199.300352526,221, 11873
1780332200.345569403,221, 11873
1780332201.397812569,221, 11873
1780332202.452913748,221, 11873
1780332203.507678991,221, 11873
1780332204.560042841,221, 11873
1780332205.620132784,221, 11873
1780332206.666164564,221, 11873
1780332207.715899890,221, 11873
1780332208.770246099,221, 11873
1780332209.807541427,221, 11873
1780332210.858406971,221, 11873
1780332211.912246149,221, 11873
1780332212.963418301,221, 11873
1780332214.011101509,221, 11873
1780332215.059608766,221, 11873
1780332216.105285787,221, 11873
1780332217.154875707,221, 11873
1780332218.207644306,221, 11873
1780332219.255283113,221, 11873
1780332220.311072217,221, 11873
1780332221.363352678,221, 11873
1780332222.440173347,221, 11873
1780332223.493082248,221, 11873
1780332224.547716537,221, 11873
1780332225.599719032,221, 11873
1780332226.648433972,221, 11873
1780332227.693862342,221, 11873
1780332228.848135796,221, 11873
1780332229.902522801,221, 11873
1780332230.962120503,221, 11873
1780332232.022955158,221, 11873
1780332233.075512813,221, 11873
1780332234.134389236,221, 11873
1780332235.188919542,221, 11873
1780332236.245572937,221, 11873
1780332237.299438797,221, 11873
1780332238.356527622,221, 11873
1780332239.412081500,221, 11873
1780332240.466930654,221, 11873
1780332241.540314180,221, 11873
1780332242.606410246,221, 11873
1780332243.659482025,221, 11873
1780332244.715377317,221, 11873
1780332245.765557000,221, 11873
1780332246.862632972,221, 11873
1780332247.915419621,221, 11873
1780332248.968558966,221, 11873
1780332250.025796035,221, 11873
1780332251.080684760,221, 11873
1780332252.150258372,221, 11873
1780332253.202820019,221, 11873
1780332254.255394675,221, 11873
1780332255.295630685,221, 11873
1780332256.348662057,221, 11873
1780332257.403396867,221, 11873
1780332258.455513559,221, 11873
1780332259.508374590,221, 11873
1780332260.562494234,221, 11873
1780332261.607931797,221, 11873
1780332262.680112954,221, 11873
1780332263.754814682,221, 11873
1780332264.811360310,221, 11873
1780332265.878141227,221, 11873
1780332266.925323999,221, 11873
1780332267.971143157,221, 11873
1780332269.017690081,221, 11873
1780332270.060381910,221, 11873
1780332271.100809833,443, 11651
1780332272.144569650,443, 11651
1780332273.185816246,443, 11651
1780332274.240110454,443, 11651
1780332275.279332349,443, 11651
1780332276.321723440,443, 11651
1780332277.360568992,443, 11651
1780332278.406156103,221, 11873
1780332279.471308238,221, 11873
1780332280.510169929,221, 11873
1780332281.550140804,221, 11873
1780332282.591351316,221, 11873
1780332283.642913516,221, 11873
1780332284.703742677,221, 11873
1780332285.753807507,221, 11873
1780332286.806389693,221, 11873
1780332287.856510732,221, 11873
1780332288.918590950,221, 11873
1780332290.047583117,221, 11873
1780332291.099940610,221, 11873
1780332292.149269088,221, 11873
1780332293.209940920,221, 11873
1780332294.267997897,221, 11873
1780332295.322573630,221, 11873
1780332296.370737317,221, 11873
1780332297.426743314,221, 11873
1780332298.491880767,221, 11873
1780332299.547764073,221, 11873
1780332300.602570650,221, 11873
1780332301.654395450,221, 11873
1780332302.709058900,221, 11873
1780332303.760590653,221, 11873
1780332304.814946875,221, 11873
1780332305.861638556,221, 11873
1780332306.915244882,221, 11873
1780332308.008748118,221, 11873
1780332309.062733005,221, 11873
1780332310.104216073,221, 11873
1780332311.153113058,221, 11873
1780332312.204315503,221, 11873
1780332313.263982706,221, 11873
1780332314.318380345,221, 11873
1780332315.376253705,221, 11873
1780332316.436704687,221, 11873
1780332317.486073115,221, 11873
1780332318.542127123,221, 11873
1780332319.593054288,221, 11873
1780332320.633329385,221, 11873
1780332321.672077359,221, 11873
1780332322.720174892,221, 11873
1780332323.767566639,221, 11873
1780332324.817519098,221, 11873
1780332325.869452410,221, 11873
1780332326.917138905,221, 11873
1780332327.972523799,221, 11873
1780332329.025963928,221, 11873
1780332330.082696789,221, 11873
1780332331.134337335,221, 11873
1780332332.192529017,221, 11873
1780332333.253779631,221, 11873
1780332334.307121524,221, 11873
1780332335.350961859,221, 11873
1780332336.400749637,221, 11873
1780332337.451103391,221, 11873
1780332338.511105814,221, 11873
1780332339.567241264,221, 11873
1780332340.652629994,221, 11873
1780332341.705424343,221, 11873
1780332342.757905190,221, 11873
1780332343.804791377,221, 11873
1780332344.855793488,221, 11873
1780332345.893681376,221, 11873
1780332346.942773286,221, 11873
1780332348.009982368,221, 11873
1780332349.068060192,221, 11873
1780332350.137474738,221, 11873
1780332351.242103854,221, 11873
1780332352.297623225,221, 11873
1780332353.354670490,221, 11873
1780332354.409783912,221, 11873
1780332355.462093473,221, 11873
1780332356.513919131,221, 11873
1780332357.575420920,221, 11873
1780332358.629907422,221, 11873
1780332359.685382205,221, 11873
1780332360.740280553,221, 11873
1780332361.794120421,221, 11873
1780332362.855401454,221, 11873
1780332363.909160638,221, 11873
1780332364.960813261,221, 11873
1780332366.009454528,221, 11873
1780332367.065807279,221, 11873
1780332368.120259131,221, 11873
1780332369.173751218,221, 11873
1780332370.224017659,221, 11873
1780332371.273773393,221, 11873
1780332372.330237782,221, 11873
1780332373.389778258,221, 11873
1780332374.441919305,221, 11873
1780332375.499288674,221, 11873
1780332376.543894860,221, 11873
1780332377.610655921,221, 11873
1780332378.663976833,221, 11873
1780332379.719713512,221, 11873
1780332380.766819111,221, 11873
1780332381.824420043,221, 11873
1780332382.877505423,221, 11873
1780332383.932307194,221, 11873
1780332385.008612433,221, 11873
1780332386.064614157,221, 11873
1780332387.123705604,221, 11873
1780332388.174087994,221, 11873
1780332389.227842690,221, 11873
1780332390.283694694,221, 11873
1780332391.340102824,221, 11873
1780332392.393680773,221, 11873
1780332393.443693801,221, 11873
1780332394.492259226,221, 11873
1780332395.548873100,221, 11873
1780332396.589295214,221, 11873
1780332397.636390908,221, 11873
1780332398.685097413,221, 11873
1780332399.732594553,221, 11873
1780332400.782026443,221, 11873
1780332401.826936911,221, 11873
1780332402.879518721,221, 11873
1780332403.930251331,221, 11873
1780332404.981126205,221, 11873
1780332406.042847767,221, 11873
1780332407.103792222,221, 11873
1780332408.158944542,221, 11873
1780332409.212345214,221, 11873
1780332410.262491482,221, 11873
1780332411.318906062,221, 11873
1780332412.418873200,221, 11873
1780332413.472107647,221, 11873
1780332414.522894756,221, 11873
1780332415.576922111,221, 11873
1780332416.615634388,221, 11873
1780332417.657844406,221, 11873
1780332418.702226711,221, 11873
1780332419.767227765,221, 11873
1780332420.819959693,221, 11873
1780332421.871405965,221, 11873
1780332422.920471781,221, 11873
1780332423.975175023,221, 11873
1780332425.025533909,221, 11873
1780332426.083558982,221, 11873
1780332427.135572257,221, 11873
1780332428.195605604,221, 11873
1780332429.252683409,221, 11873
1780332430.314142266,221, 11873
1780332431.363514172,221, 11873
1780332432.412317901,221, 11873
1780332433.468141860,221, 11873
1780332434.514319095,221, 11873
1780332435.565979052,221, 11873
1780332436.606045679,221, 11873
1780332437.658935489,221, 11873
1780332438.700872831,221, 11873
1780332439.753670846,221, 11873
1780332440.796271564,221, 11873
1780332441.840148981,443, 11651
1780332442.961824304,443, 11651
1780332444.013768724,443, 11651
1780332445.054594302,443, 11651
1780332446.105177546,443, 11651
1780332447.159166160,475, 11619
1780332448.201099718,475, 11619
1780332449.254120931,475, 11619
1780332450.330510822,3353, 8741
1780332451.373831348,4401, 7693
1780332452.420509454,4401, 7693
1780332453.466230990,3701, 8393
1780332454.506868772,3701, 8393
1780332455.553044438,3949, 8145
1780332456.599917020,3949, 8145
1780332457.643717003,3949, 8145
1780332458.683884248,3949, 8145
1780332459.726636428,3949, 8145
1780332460.766129161,3949, 8145
1780332461.807474148,4265, 7829
1780332462.853007239,6645, 5449
1780332463.900872957,6807, 5287
1780332464.946180182,7341, 4753
1780332465.986627727,7341, 4753
1780332467.033292346,7351, 4743
1780332468.077655705,8351, 3743
1780332469.120040057,8351, 3743
1780332470.163838621,8351, 3743
1780332471.207637263,8351, 3743
1780332472.255891507,8351, 3743
1780332473.293733705,8351, 3743
1780332474.348981615,8351, 3743
1780332475.395904570,8351, 3743
1780332476.439798627,8351, 3743
1780332477.476220462,8353, 3741
1780332478.515107999,8353, 3741
1780332479.556734946,8353, 3741
1780332480.595589045,8353, 3741
1780332481.680784285,8353, 3741
1780332482.740530616,8353, 3741
1780332483.782336858,8353, 3741
1780332484.822741180,8353, 3741
1780332485.865060468,8353, 3741
1780332486.906824579,8353, 3741
1780332487.953392307,8353, 3741
1780332489.005082405,8353, 3741
1780332490.047302402,8355, 3739
1780332491.085519593,8555, 3539
1780332492.126582244,8555, 3539
1780332493.165142966,8555, 3539
1780332494.206504376,8555, 3539
1780332495.252896053,8555, 3539
1780332496.295160781,8555, 3539
1780332497.337384587,8555, 3539
1780332498.376227844,8555, 3539
1780332499.421971827,8555, 3539
1780332500.459773855,8555, 3539
1780332501.512945090,8915, 3179
1780332502.552959619,8915, 3179
1780332503.594846810,8915, 3179
1780332504.645998376,8915, 3179
1780332505.694066874,9857, 2237
1780332506.733214622,9857, 2237
1780332507.775968426,9857, 2237
1780332508.826849376,9857, 2237
1780332509.872130481,9857, 2237
1780332510.916332201,9857, 2237
1780332511.967397160,9857, 2237
1780332513.026842187,9857, 2237
1780332514.070934497,9857, 2237
1780332515.113776904,9857, 2237
1780332516.155832313,9857, 2237
1780332517.200549712,9857, 2237
1780332518.237950765,9857, 2237
1780332519.277385454,9857, 2237
1780332520.315608984,9857, 2237
1780332521.355292320,9857, 2237
1780332522.395190074,9857, 2237
1780332523.438414843,9857, 2237
1780332524.487049840,9857, 2237
1780332525.524505611,9857, 2237
1780332526.585869296,9857, 2237
1780332527.631346568,9857, 2237
1780332528.671418899,9857, 2237
1780332529.710584240,9857, 2237
1780332530.750919786,9857, 2237
1780332531.788992109,9857, 2237
1780332532.836317737,9857, 2237
1780332533.883096396,9857, 2237
1780332534.928433240,9857, 2237
1780332535.969577493,9857, 2237
1780332537.014988260,9857, 2237
1780332538.057579779,9857, 2237
1780332539.099361232,9857, 2237
1780332540.139200432,9857, 2237
1780332541.177457136,9857, 2237
1780332542.217903517,9857, 2237
1780332543.269084119,9857, 2237
1780332544.306485245,9857, 2237
1780332545.354992015,9857, 2237
1780332546.397314300,9857, 2237
1780332547.440362656,9857, 2237
1780332548.477795734,9857, 2237
1780332549.526458474,9857, 2237
1780332550.573112645,9857, 2237
1780332551.614621802,9857, 2237
1780332552.655856539,9857, 2237
1780332553.706153382,9857, 2237
1780332554.752050661,9857, 2237
1780332555.791689699,9857, 2237
1780332556.832858008,9857, 2237
1780332557.876736099,9857, 2237
1780332558.934635867,9857, 2237
1780332559.984497130,9857, 2237
1780332561.023042579,9857, 2237
1780332562.070259684,9857, 2237
1780332563.121152078,9857, 2237
1780332564.160270533,9857, 2237
1780332565.217779848,9857, 2237
1780332566.257306235,9857, 2237
1780332567.298427360,9857, 2237
1780332568.348447516,9857, 2237
1780332569.385096821,9857, 2237
1780332570.422117972,9857, 2237
1780332571.468425960,9857, 2237
1780332572.512429230,9857, 2237
1780332573.554193693,9857, 2237
1780332574.591388190,9857, 2237
1780332575.631826149,9857, 2237
1780332576.673391118,9857, 2237
1780332577.724783519,9857, 2237
1780332578.762490074,9857, 2237
1780332579.801825420,9857, 2237
1780332580.839267884,9857, 2237
1780332581.878193498,9857, 2237
1780332582.920200478,9857, 2237
1780332583.958973737,9857, 2237
1780332585.002205304,9857, 2237
1780332586.046318573,9857, 2237
1780332587.089154253,9857, 2237
1780332588.135075385,9857, 2237
1780332589.174678754,9857, 2237
1780332590.221132730,9857, 2237
1780332591.262110423,9857, 2237
1780332592.306700656,9857, 2237
1780332593.344986162,9857, 2237
1780332594.384441524,9857, 2237
1780332595.421776756,9857, 2237
1780332596.461323360,9857, 2237
1780332597.509057183,9857, 2237
1780332598.553552891,9857, 2237
1780332599.588738665,9857, 2237
1780332600.637721387,9857, 2237
1780332601.682723092,9857, 2237
1780332602.726703199,9857, 2237
1780332603.780929093,9857, 2237
1780332604.822841462,9857, 2237
1780332605.886381743,9857, 2237
1780332606.925847403,9857, 2237
1780332607.990378950,9857, 2237
1780332609.027487291,9857, 2237
1780332610.066138568,9857, 2237
1780332611.108181947,9857, 2237
1780332612.145561446,9857, 2237
1780332613.186137825,9857, 2237
1780332614.232765502,9857, 2237
1780332615.273599379,9857, 2237
1780332616.320510591,9857, 2237
1780332617.361216982,9857, 2237
1780332618.410318470,9857, 2237
1780332619.446113502,9857, 2237
1780332620.498341706,9857, 2237
1780332621.550505495,9857, 2237
1780332622.595669791,9857, 2237
1780332623.638915510,9857, 2237
1780332624.679859806,9857, 2237
1780332625.728652525,9857, 2237
1780332626.767080104,9857, 2237
1780332627.814295900,9857, 2237
1780332628.854275592,9857, 2237
1780332629.896455171,9857, 2237
1780332630.936677137,9857, 2237
1780332631.987879846,9857, 2237
1780332633.029101612,9857, 2237
1780332634.067002573,9857, 2237
1780332635.108362873,9857, 2237
1780332636.149211381,9857, 2237
1780332637.195188221,9857, 2237
1780332638.234691938,9857, 2237
1780332639.273512181,9857, 2237
1780332640.312981514,9857, 2237
1780332641.356757792,9857, 2237
1780332642.402579331,9857, 2237
1780332643.440519471,9857, 2237
1780332644.482190595,9857, 2237
1780332645.523829073,9857, 2237
1780332646.566756355,9857, 2237
1780332647.613590709,9857, 2237
1780332648.661029578,9857, 2237
1780332649.708554907,9857, 2237
1780332650.750583461,9857, 2237
1780332651.800937094,9857, 2237
1780332652.843594145,9857, 2237
1780332653.888033833,9857, 2237
1780332654.926893668,9857, 2237
1780332655.982559483,9857, 2237
1780332657.024969840,9857, 2237
1780332658.063893006,9857, 2237
1780332659.105305952,9857, 2237
1780332660.145587463,9857, 2237
1780332661.187963927,9857, 2237
1780332662.226276911,9857, 2237
1780332663.265212174,9857, 2237
1780332664.304759689,9857, 2237
1780332665.346356485,9857, 2237
1780332666.386485593,9857, 2237
1780332667.425330363,9857, 2237
1780332668.465510895,9857, 2237
1780332669.505940836,9857, 2237
1780332670.552506002,9857, 2237
1780332671.601587557,9857, 2237
1780332672.641285038,9857, 2237
1780332673.687954246,9857, 2237
1780332674.726511534,9857, 2237
1780332675.766294050,9857, 2237
1780332676.806193450,9857, 2237
1780332677.845297578,9857, 2237
1780332678.892945428,9857, 2237
1780332679.934765081,9857, 2237
1780332680.974103808,9857, 2237
1780332682.016455120,9857, 2237
1780332683.056554380,9857, 2237
1780332684.100667937,9857, 2237
1780332685.141389990,9857, 2237
1780332686.183952831,9857, 2237
1780332687.230245492,9857, 2237
1780332688.272650802,9857, 2237
1780332689.319649706,9857, 2237
1780332690.368845704,9857, 2237
1780332691.412721478,9857, 2237
1780332692.453344352,9857, 2237
1780332693.494246135,9857, 2237
1780332694.532866793,9857, 2237
1780332695.572655697,9857, 2237
1780332696.636576920,9857, 2237
1780332697.719334316,9857, 2237
1780332698.766323217,9857, 2237
1780332699.808934471,9857, 2237
1780332700.850874802,9857, 2237
1780332701.894166732,9857, 2237
1780332702.936569914,9857, 2237
1780332703.985231645,9857, 2237
1780332705.031223817,9857, 2237
1780332706.073376504,9857, 2237
1780332707.112780198,9857, 2237
1780332708.155302724,9857, 2237
1780332709.194663038,9857, 2237
1780332710.234512660,9857, 2237
1780332711.281858275,9857, 2237
1780332712.321339795,9857, 2237
1780332713.361900168,9857, 2237
1780332714.401358034,9857, 2237
1780332715.439019952,9857, 2237
1780332716.479877944,9857, 2237
1780332717.520779065,9857, 2237
1780332718.563201439,9857, 2237
1780332719.605516032,9857, 2237
1780332720.649334739,9857, 2237
1780332721.686908728,9857, 2237
1780332722.725998568,9857, 2237
1780332723.772376069,9857, 2237
1780332724.809237849,9857, 2237
1780332725.860222377,9857, 2237
1780332726.901408214,9857, 2237
1780332727.940234599,9857, 2237
1780332728.977287893,9857, 2237
1780332730.017038373,9857, 2237
1780332731.054506411,9857, 2237
1780332732.094745125,9857, 2237
1780332733.136095970,9857, 2237
1780332734.175773005,9857, 2237
1780332735.222417023,9857, 2237
1780332736.270584050,9857, 2237
1780332737.310776651,9857, 2237
1780332738.350823523,9857, 2237
1780332739.391915365,9857, 2237
1780332740.430244429,9857, 2237
1780332741.474944111,9857, 2237
1780332742.521292799,9857, 2237
1780332743.573330785,9857, 2237
1780332744.613076238,9857, 2237
1780332745.662626081,9857, 2237
1780332746.712963783,9857, 2237
1780332747.753259101,9857, 2237
1780332748.796718450,9857, 2237
1780332749.840783899,9857, 2237
1780332750.883030614,9857, 2237
1780332751.924611916,9857, 2237
1780332752.973959195,9857, 2237
1780332754.012748893,9857, 2237
1780332755.050543589,9857, 2237
1780332756.090878038,9857, 2237
1780332757.133802258,9857, 2237
1780332758.177594229,9857, 2237
1780332759.219095776,9857, 2237
1780332760.267284853,9857, 2237
1780332761.309672203,9857, 2237
1780332762.357784691,9857, 2237
1780332763.398386061,9857, 2237
1780332764.446582614,9857, 2237
1780332765.504148542,9857, 2237
1780332766.547730112,9857, 2237
1780332767.589932553,9857, 2237
1780332768.628414255,9857, 2237
1780332769.668531910,9857, 2237
1780332770.709333611,9857, 2237
1780332771.755260779,9857, 2237
1780332772.798531879,9857, 2237
1780332773.836634600,9857, 2237
1780332774.879621674,9857, 2237
1780332775.929569489,9857, 2237
1780332776.980880178,9857, 2237
1780332778.023518618,9857, 2237
1780332779.062736444,9857, 2237
1780332780.106463176,9857, 2237
1780332781.156296918,9857, 2237
1780332782.203568406,9857, 2237
1780332783.246880920,9857, 2237
1780332784.288565325,9857, 2237
1780332785.330463319,9857, 2237
1780332786.373219051,9857, 2237
1780332787.414092730,9857, 2237
1780332788.459969762,9857, 2237
1780332789.514288545,9857, 2237
1780332790.566585357,9857, 2237
1780332791.611151128,9857, 2237
1780332792.658146592,9857, 2237
1780332793.702508722,9857, 2237
1780332794.746378923,9857, 2237
1780332795.794203132,9857, 2237
1780332796.837997967,9857, 2237
1780332797.876866782,9857, 2237
1780332798.917852171,9857, 2237
1780332799.959185065,9857, 2237
1780332800.998090131,9857, 2237
1780332802.043178485,9857, 2237
1780332803.082200295,9857, 2237
1780332804.125122065,9857, 2237
1780332805.168460130,9857, 2237
1780332806.213054629,9857, 2237
1780332807.258003873,9857, 2237
1780332808.301322905,9857, 2237
1780332809.347776700,9857, 2237
1780332810.391936276,9857, 2237
1780332811.435447040,9857, 2237
1780332812.479733468,9857, 2237
1780332813.522833447,9857, 2237
1780332814.562983013,9857, 2237
1780332815.605041269,9857, 2237
1780332816.647026350,9857, 2237
1780332817.686979359,9857, 2237
1780332818.724951425,9857, 2237
1780332819.766443210,9857, 2237
1780332820.811591406,9857, 2237
1780332821.858123073,9857, 2237
1780332822.896385352,9857, 2237
1780332823.947074750,9857, 2237
1780332824.989107407,9857, 2237
1780332826.031884165,9857, 2237
1780332827.079491507,9857, 2237
1780332828.146750474,9857, 2237
1780332829.185814315,9857, 2237
1780332830.254024713,9857, 2237
1780332831.293634017,9857, 2237
1780332832.336581550,9857, 2237
1780332833.380472448,9857, 2237
1780332834.418051941,9857, 2237
1780332835.458492900,9857, 2237
1780332836.504619131,9857, 2237
1780332837.562087388,9857, 2237
1780332838.602371599,9857, 2237
1780332839.646241442,9857, 2237
1780332840.707817877,9857, 2237
1780332841.757913769,9857, 2237
1780332842.800174346,9857, 2237
1780332843.844191213,9857, 2237
1780332844.883401139,9857, 2237
1780332845.929795847,9857, 2237
1780332846.978497420,9857, 2237
1780332848.043993319,9857, 2237
1780332849.084888151,9857, 2237
1780332850.131283253,9857, 2237
1780332851.171162274,9857, 2237
1780332852.209195979,9857, 2237
1780332853.252482767,9857, 2237
1780332854.291259345,9857, 2237
1780332855.336280498,9857, 2237
1780332856.376409610,9857, 2237
1780332857.417313020,9857, 2237
1780332858.459033251,9857, 2237
1780332859.497321721,9857, 2237
1780332860.539597063,9857, 2237
1780332861.592849910,9857, 2237
1780332862.641828375,9857, 2237
1780332863.695061404,9857, 2237
1780332864.740864158,9857, 2237
1780332865.782038522,9857, 2237
1780332866.832618232,9857, 2237
1780332867.870267777,9857, 2237
1780332868.914537178,9857, 2237
1780332869.954775512,9857, 2237
1780332871.013456770,9857, 2237
1780332872.053770627,9857, 2237
1780332873.094496876,9857, 2237
1780332874.137001536,9857, 2237
1780332875.178759887,9857, 2237
1780332876.220536431,9857, 2237
1780332877.265372459,9857, 2237
1780332878.310185753,9857, 2237
1780332879.352965787,9857, 2237
1780332880.391716087,9857, 2237
1780332881.436442255,9857, 2237
1780332882.478299616,9857, 2237
1780332883.529868487,9857, 2237
1780332884.570791735,9857, 2237
1780332885.615420920,9857, 2237
1780332886.654649094,9857, 2237
1780332887.717206632,9857, 2237
1780332888.761504695,9857, 2237
1780332889.798528236,9857, 2237
1780332890.843569470,9857, 2237
1780332891.880828440,9857, 2237
1780332892.923738819,9857, 2237
1780332893.969325169,9857, 2237
1780332895.016828376,9857, 2237
1780332896.058421313,9857, 2237
1780332897.104889503,9857, 2237
1780332898.152043355,9857, 2237
1780332899.202241914,9857, 2237
1780332900.242373447,9857, 2237
1780332901.285916413,9857, 2237
1780332902.329130026,9857, 2237
1780332903.368668751,9857, 2237
1780332904.410256417,9857, 2237
1780332905.449329421,9857, 2237
1780332906.504837652,9857, 2237
1780332907.550883151,9857, 2237
1780332908.595574263,9857, 2237
1780332909.639849026,9857, 2237
1780332910.683211613,9857, 2237
1780332911.730902295,9857, 2237
1780332912.768755559,9857, 2237
1780332913.826965794,9857, 2237
1780332914.867470750,9857, 2237
1780332915.917160882,9857, 2237
1780332916.959112164,9857, 2237
1780332918.007411856,9857, 2237
1780332919.046021893,9857, 2237
1780332920.103171818,9857, 2237
1780332921.141040373,9857, 2237
1780332922.183938304,9857, 2237
1780332923.222585268,9857, 2237
1780332924.261174615,9857, 2237
1780332925.308317209,9857, 2237
1780332926.347314073,9857, 2237
1780332927.384620722,9857, 2237
1780332928.427708011,9857, 2237
1780332929.467972280,9857, 2237
1780332930.517355823,9857, 2237
1780332931.565080606,9857, 2237
1780332932.610884192,9857, 2237
1780332933.648867398,9857, 2237
1780332934.689268949,9857, 2237
1780332935.732008075,9857, 2237
1780332936.775107421,9857, 2237
1780332937.816667948,9857, 2237
1780332938.856484180,9857, 2237
1780332939.898421315,9857, 2237
1780332940.935982083,9857, 2237
1780332941.994643964,9857, 2237
1780332943.039040775,9857, 2237
1780332944.086321584,9857, 2237
1780332945.124303194,9857, 2237
1780332946.161782582,9857, 2237
1780332947.208519680,9857, 2237
1780332948.310984577,9857, 2237
1780332949.350093361,9857, 2237
1780332950.395955822,9857, 2237
1780332951.435890498,9857, 2237
1780332952.549590991,9857, 2237
1780332953.602402602,9857, 2237
1780332954.645312645,9857, 2237
1780332955.687863706,9857, 2237
1780332956.724743746,9857, 2237
1780332957.762482816,9857, 2237
1780332958.800959031,9857, 2237
1780332959.845819176,9857, 2237
1780332960.890549087,9857, 2237
1780332961.931788516,9857, 2237
1780332962.973551266,9857, 2237
1780332964.015195749,9857, 2237
1780332965.057530277,9857, 2237
1780332966.101832380,9857, 2237
1780332967.144175347,9857, 2237
1780332968.182349761,9857, 2237
1780332969.223758847,9857, 2237
1780332970.265353443,9857, 2237
1780332971.306692710,9857, 2237
1780332972.347711828,9857, 2237
1780332973.391750148,9857, 2237
1780332974.438999626,9857, 2237
1780332975.476430245,9857, 2237
1780332976.524456263,9857, 2237
1780332977.565789811,9857, 2237
1780332978.604918896,9857, 2237
1780332979.644542621,9857, 2237
1780332980.685450267,9857, 2237
1780332981.723122415,9857, 2237
1780332982.768128480,9857, 2237
1780332983.805804079,9857, 2237
1780332984.844258099,9857, 2237
1780332985.890680182,9857, 2237
1780332986.935851366,9857, 2237
1780332987.993060899,9857, 2237
1780332989.032991521,9857, 2237
1780332990.069714045,9857, 2237
1780332991.113969287,9857, 2237
1780332992.151498700,9857, 2237
1780332993.209119463,9857, 2237
1780332994.248587518,9857, 2237
1780332995.292572882,9857, 2237
1780332996.334973575,9857, 2237
1780332997.378847646,9857, 2237
1780332998.421197251,9857, 2237
1780332999.461053696,9857, 2237
1780333000.507506510,9857, 2237
1780333001.559097244,9857, 2237
1780333002.610994323,9857, 2237
1780333003.649625744,9857, 2237
1780333004.690115521,9857, 2237
1780333005.732131149,9857, 2237
1780333006.770087306,9857, 2237
1780333007.811151322,9857, 2237
1780333008.852828587,9857, 2237
1780333009.889248280,9857, 2237
1780333010.931540042,9857, 2237
1780333011.969431310,9857, 2237
1780333013.014162042,9857, 2237
1780333014.052688605,9857, 2237
1780333015.092470154,9857, 2237
1780333016.135300745,9857, 2237
1780333017.184451155,9857, 2237
1780333018.231113790,9857, 2237
1780333019.275119266,9857, 2237
1780333020.325860913,9857, 2237
1780333021.379602265,9857, 2237
1780333022.421171022,9857, 2237
1780333023.460877633,9857, 2237
1780333024.498860547,9857, 2237
1780333025.537984910,9857, 2237
1780333026.578533567,9857, 2237
1780333027.616317199,9857, 2237
1780333028.658861241,9857, 2237
1780333029.700919518,9857, 2237
1780333030.742931391,9857, 2237
1780333031.784628704,9857, 2237
1780333032.827202127,9857, 2237
1780333033.867535840,9857, 2237
1780333034.908004885,9857, 2237
1780333035.950294468,9857, 2237
1780333036.992870663,9857, 2237
1780333038.034313784,9857, 2237
1780333039.074719617,9857, 2237
1780333040.111827625,9857, 2237
1780333041.157633624,9857, 2237
1780333042.199873589,9857, 2237
1780333043.237707677,9857, 2237
1780333044.353177977,9857, 2237
1780333045.397590122,9857, 2237
1780333046.440240488,9857, 2237
1780333047.481975739,9857, 2237
1780333048.524989200,9857, 2237
1780333049.578191063,9857, 2237
1780333050.620193541,9857, 2237
1780333051.656305162,9857, 2237
1780333052.696457470,9857, 2237
1780333053.736488129,9857, 2237
1780333054.778165258,9857, 2237
1780333055.818283725,9857, 2237
1780333056.858078295,9857, 2237
1780333057.899725683,9857, 2237
1780333058.940247066,9857, 2237
1780333059.978582513,9857, 2237
1780333061.021569301,9857, 2237
1780333062.066036899,9857, 2237
1780333063.112024672,9857, 2237
1780333064.149880351,9857, 2237
1780333065.190637542,9857, 2237
1780333066.230821628,9857, 2237
1780333067.270088085,9857, 2237
1780333068.310762850,9857, 2237
1780333069.358664259,9857, 2237
1780333070.400741367,9857, 2237
1780333071.438858241,9857, 2237
1780333072.487641948,9857, 2237
1780333073.525477665,9857, 2237
1780333074.566965064,9857, 2237
1780333075.605711131,9857, 2237
1780333076.658494968,9857, 2237
1780333077.699786356,9857, 2237
1780333078.745121470,9857, 2237
1780333079.788622843,9857, 2237
1780333080.827237595,9857, 2237
1780333081.864424182,9857, 2237
1780333082.909365304,9857, 2237
1780333083.958621634,9857, 2237
1780333085.105900315,9857, 2237
1780333086.152474972,9857, 2237
1780333087.194515276,9857, 2237
1780333088.243143624,9857, 2237
1780333089.289705118,9857, 2237
1780333090.327726961,9857, 2237
1780333091.383809122,9857, 2237
1780333092.425874793,9857, 2237
1780333093.469333990,9857, 2237
1780333094.522069821,9857, 2237
1780333095.572235665,9857, 2237
1780333096.610810763,9857, 2237
1780333097.662647248,9857, 2237
1780333098.701775200,9857, 2237
1780333099.747382661,9857, 2237
1780333100.785199942,9857, 2237
1780333101.830490632,9857, 2237
1780333103.085504747,221, 11873
1780333104.128298101,221, 11873
1780333105.167715651,221, 11873
1780333106.213587851,221, 11873
1780333107.263130725,221, 11873
1780333108.309238760,221, 11873
1780333109.367773773,221, 11873
1780333110.421073552,221, 11873
1780333111.471719604,221, 11873
1780333112.521444871,221, 11873
1780333113.564183754,221, 11873
1780333114.614757024,481, 11613
1780333115.670303418,8233, 3861
1780333116.716215791,8233, 3861
1780333117.772700287,8233, 3861
1780333118.826325169,8233, 3861
1780333119.877301232,8359, 3735
1780333120.931451223,8555, 3539
1780333121.979907559,9197, 2897
1780333123.022094195,10317, 1777
1780333124.068065025,10317, 1777
1780333125.106192884,10319, 1775
1780333126.147342335,10319, 1775
1780333127.191292605,10319, 1775
1780333128.234460377,10319, 1775
1780333129.274352870,10319, 1775
1780333130.318039988,10319, 1775
1780333131.358783733,10319, 1775
1780333132.410697182,10319, 1775
1780333133.453716006,10319, 1775
1780333134.509390999,10319, 1775
1780333135.551596044,10319, 1775
1780333136.592711343,10319, 1775
1780333137.628978839,10319, 1775
1780333138.672271186,10319, 1775
1780333139.717506543,10319, 1775
1780333140.758199420,10319, 1775
1780333141.799813266,10319, 1775
1780333142.846186579,10319, 1775
1780333143.886400983,10319, 1775
1780333144.927935929,10319, 1775
1780333145.970884914,10319, 1775
1780333147.018405542,10319, 1775
1780333148.059342795,10319, 1775
1780333149.098693016,10319, 1775
1780333150.137291434,10319, 1775
1780333151.182273659,10319, 1775
1780333152.226663360,10319, 1775
1780333153.268973073,10319, 1775
1780333154.309320814,10319, 1775
1780333155.356378383,10319, 1775
1780333156.405104331,443, 11651
1780333157.538657497,221, 11873
1780333158.587272183,221, 11873
1780333159.637877036,221, 11873
1780333160.681650046,221, 11873
1780333161.733727782,221, 11873
1780333162.794154571,221, 11873
1780333163.847643442,221, 11873
1780333164.894803682,221, 11873
1780333165.942457068,221, 11873
1780333167.004316530,221, 11873
1780333168.061386524,221, 11873
1780333169.117628526,221, 11873
1780333170.160801310,221, 11873
1780333171.214029247,221, 11873
1780333172.256730023,221, 11873
1780333173.310933085,221, 11873
1780333174.372522233,221, 11873
1780333175.435100681,221, 11873
1780333176.489997908,221, 11873
1780333177.545513188,221, 11873
1780333178.604214805,221, 11873
1780333179.660283749,221, 11873
1780333180.707664727,221, 11873
1780333181.765084863,221, 11873
1780333182.812208445,221, 11873
1780333183.868670443,221, 11873
1780333184.950769672,221, 11873
1780333186.005505913,221, 11873
1780333187.120795830,221, 11873
1780333188.170367561,221, 11873
1780333189.245995201,221, 11873
1780333190.304466577,221, 11873
1780333191.363476628,221, 11873
1780333192.423152154,221, 11873
1780333193.478734601,221, 11873
1780333194.536991281,221, 11873
1780333195.591909596,221, 11873
1780333196.641182213,221, 11873
1780333197.688134108,221, 11873
1780333198.737374041,221, 11873
1780333199.803143644,221, 11873
1780333200.857059555,221, 11873
1780333201.906624365,221, 11873
1780333202.959682003,221, 11873
1780333204.017638913,221, 11873
1780333205.063736713,221, 11873
1780333206.118120156,221, 11873
1780333207.158406915,221, 11873
1780333208.218420786,221, 11873
1780333209.275065645,221, 11873
1780333210.328309213,221, 11873
1780333211.379891675,221, 11873
1780333212.430779601,221, 11873
1780333213.485453352,221, 11873
1780333214.541482545,221, 11873
1780333215.594595798,221, 11873
1780333216.636909148,221, 11873
1780333217.694166906,221, 11873
1780333218.749492293,221, 11873
1780333219.816007262,221, 11873
1780333220.870512955,221, 11873
1780333221.915168023,221, 11873
1780333222.969722365,221, 11873
1780333224.022294517,221, 11873
1780333225.084194944,221, 11873
1780333226.139874789,221, 11873
1780333227.184024459,221, 11873
1780333228.243300447,221, 11873
1780333229.309744332,221, 11873
1780333230.357212120,221, 11873
1780333231.415333192,221, 11873
1780333232.467041852,221, 11873
1780333233.522931870,221, 11873
1780333234.574185205,221, 11873
1780333235.630171223,221, 11873
1780333236.688244797,221, 11873
1780333237.745040087,221, 11873
1780333238.798683471,221, 11873
1780333239.836994288,221, 11873
1780333240.896717236,221, 11873
1780333241.942652376,221, 11873
1780333242.992322608,221, 11873
1780333244.046614009,221, 11873
1780333245.089032419,221, 11873
1780333246.145736611,221, 11873
1780333247.200319364,221, 11873
1780333248.295440042,221, 11873
1780333249.348651257,221, 11873
1780333250.401755331,221, 11873
1780333251.454426219,221, 11873
1780333252.494045729,221, 11873
1780333253.551632139,221, 11873
1780333254.608408994,221, 11873
1780333255.666264929,221, 11873
1780333256.714446845,221, 11873
1780333257.770223341,221, 11873
1780333258.827853050,221, 11873
1780333259.884697174,221, 11873
1780333260.934890042,221, 11873
1780333261.987019660,221, 11873
1780333263.038668982,221, 11873
1780333264.094271489,221, 11873
1780333265.146405124,221, 11873
1780333266.193582065,221, 11873
1780333267.244685838,221, 11873
1780333268.303479152,221, 11873
1780333269.357432846,221, 11873
1780333270.412700253,221, 11873
1780333271.464787930,221, 11873
1780333272.506893383,221, 11873
1780333273.561790513,221, 11873
1780333274.629947206,221, 11873
1780333275.677152048,221, 11873
1780333276.728133690,221, 11873
1780333277.783176577,221, 11873
1780333278.880080701,221, 11873
1780333279.933971066,221, 11873
1780333280.984470050,221, 11873
1780333282.043118179,221, 11873
1780333283.103347991,221, 11873
1780333284.154266586,221, 11873
1780333285.210663736,221, 11873
1780333286.261138052,221, 11873
1780333287.315358728,221, 11873
1780333288.363713284,221, 11873
1780333289.416363823,221, 11873
1780333290.471717981,221, 11873
1780333291.527805282,221, 11873
1780333292.573147692,221, 11873
1780333293.626650333,221, 11873
1780333294.682373167,221, 11873
1780333295.734724216,221, 11873
1780333296.776855713,221, 11873
1780333297.837344697,221, 11873
1780333298.891087256,221, 11873
1780333299.942268129,221, 11873
1780333300.993200962,221, 11873
1780333302.045057876,221, 11873
1780333303.092856066,221, 11873
1780333304.151616291,221, 11873
1780333305.204987241,221, 11873
1780333306.254132949,221, 11873
1780333307.310851435,221, 11873
1780333308.360163786,221, 11873
1780333309.465318577,221, 11873
1780333310.516503843,221, 11873
1780333311.555878412,221, 11873
1780333312.621955635,221, 11873
1780333313.671562688,221, 11873
1780333314.724743096,221, 11873
1780333315.769279826,221, 11873
1780333316.814674834,221, 11873
1780333317.872143504,221, 11873
1780333318.917395366,221, 11873
1780333319.967853318,221, 11873
1780333321.012244468,221, 11873
1780333322.065123082,221, 11873
1780333323.115411154,221, 11873
1780333324.159985525,221, 11873
1780333325.209145243,221, 11873
1780333326.262745398,221, 11873
1780333327.318565243,221, 11873
1780333328.371983084,221, 11873
1780333329.416539041,221, 11873
1780333330.474603960,221, 11873
1780333331.525583212,221, 11873
1780333332.571780836,221, 11873
1780333333.612427898,221, 11873
1780333334.669128931,221, 11873
1780333335.720138369,221, 11873
1780333336.762361722,221, 11873
1780333337.804003761,221, 11873
1780333338.860187254,221, 11873
1780333339.915935384,221, 11873
1780333340.969021836,221, 11873
1780333342.023900172,221, 11873
1780333343.066632227,221, 11873
1780333344.117676073,221, 11873
1780333345.180048843,221, 11873
1780333346.236813671,221, 11873
1780333347.292472260,221, 11873
1780333348.347346370,221, 11873
1780333349.417645404,221, 11873
1780333350.468821373,221, 11873
1780333351.524968476,221, 11873
1780333352.586874854,221, 11873
1780333353.642946498,221, 11873
1780333354.692856022,221, 11873
1780333355.740645740,221, 11873
1780333356.791375996,221, 11873
1780333357.837153946,221, 11873
1780333358.888704557,221, 11873
1780333359.947774608,221, 11873
1780333361.003074269,221, 11873
1780333362.060029439,221, 11873
1780333363.114724151,221, 11873
1780333364.172276027,221, 11873
1780333365.219970620,221, 11873
1780333366.268666719,221, 11873
1780333367.314633629,221, 11873
1780333368.374474325,221, 11873
1780333369.415653970,221, 11873
1780333370.465275495,221, 11873
1780333371.513638971,221, 11873
1780333372.577994250,221, 11873
1780333373.630868854,221, 11873
1780333374.684378411,221, 11873
1780333375.741399447,221, 11873
1780333376.792262168,221, 11873
1780333377.852181592,221, 11873
1780333378.896893812,221, 11873
1780333379.954697008,221, 11873
1780333381.003058814,221, 11873
1780333382.056013340,221, 11873
1780333383.113719317,221, 11873
1780333384.173116545,221, 11873
1780333385.225436231,221, 11873
1780333386.270874182,221, 11873
1780333387.321569940,221, 11873
1780333388.364043648,221, 11873
1780333389.415387131,221, 11873
1780333390.472301332,221, 11873
1780333391.519679654,221, 11873
1780333392.561751930,221, 11873
1780333393.612987360,221, 11873
1780333394.666882823,221, 11873
1780333395.718837374,221, 11873
1780333396.766508125,221, 11873
1780333397.808687458,221, 11873
1780333398.852936180,221, 11873
1780333399.908463085,221, 11873
1780333400.962735535,221, 11873
1780333402.029451565,221, 11873
1780333403.075727482,221, 11873
1780333404.131971332,221, 11873
1780333405.230027086,221, 11873
1780333406.285679247,221, 11873
1780333407.341235327,221, 11873
1780333408.400439540,221, 11873
1780333409.448548834,221, 11873
1780333410.491841056,221, 11873
1780333411.545136406,221, 11873
1780333412.624917264,221, 11873
1780333413.682472410,221, 11873
1780333414.731332246,221, 11873
1780333415.783506793,221, 11873
1780333416.824082162,221, 11873
1780333417.880733384,221, 11873
1780333418.934544117,221, 11873
1780333419.987553168,221, 11873
1780333421.055374434,221, 11873
1780333422.114221085,221, 11873
1780333423.154476936,221, 11873
1780333424.204259350,221, 11873
1780333425.257461091,221, 11873
1780333426.311240738,221, 11873
1780333427.364673548,221, 11873
1780333428.421284837,221, 11873
1780333429.478650017,221, 11873
1780333430.530222874,221, 11873
1780333431.568972030,221, 11873
1780333432.617302755,221, 11873
1780333433.660875032,221, 11873
1780333434.717414237,221, 11873
1780333435.770037795,221, 11873
1780333436.819728545,221, 11873
1780333437.876595494,221, 11873
1780333438.924167008,221, 11873
1780333439.977792127,221, 11873
1780333441.032485017,221, 11873
1780333442.074959974,221, 11873
1780333443.142529025,221, 11873
1780333444.203226013,221, 11873
1780333445.254818444,221, 11873
1780333446.315663765,221, 11873
1780333447.365741737,221, 11873
1780333448.419715912,221, 11873
1780333449.467037450,221, 11873
1780333450.525339250,221, 11873
1780333451.566470026,221, 11873
1780333452.622726766,221, 11873
1780333453.678877673,221, 11873
1780333454.730677479,221, 11873
1780333455.772244341,221, 11873
1780333456.822659979,221, 11873
1780333457.872107660,221, 11873
1780333458.925695208,221, 11873
1780333459.977727750,221, 11873
1780333461.031874474,221, 11873
1780333462.088405840,221, 11873
1780333463.137168669,221, 11873
1780333464.192377923,221, 11873
1780333465.246534251,221, 11873
1780333466.303817443,221, 11873
1780333467.358093828,221, 11873
1780333468.414339072,221, 11873
1780333469.466938059,221, 11873
1780333470.523791045,221, 11873
1780333471.573613047,221, 11873
1780333472.627851413,221, 11873
1780333473.677093036,221, 11873
1780333474.730713069,221, 11873
1780333475.781777312,221, 11873
1780333476.833479908,221, 11873
1780333477.893084764,221, 11873
1780333478.943813531,221, 11873
1780333480.014145410,221, 11873
1780333481.063625785,221, 11873
1780333482.113061387,221, 11873
1780333483.170141541,221, 11873
1780333484.219079106,221, 11873
1780333485.268905477,221, 11873
1780333486.320288581,221, 11873
1780333487.376707868,221, 11873
1780333488.418524307,221, 11873
1780333489.476370676,221, 11873
1780333490.535776162,221, 11873
1780333491.575817211,221, 11873
1780333492.640085863,221, 11873
1780333493.693446560,221, 11873
1780333494.748249148,221, 11873
1780333495.805443776,221, 11873
1780333496.856578470,221, 11873
1780333497.911778320,221, 11873
1780333498.967384552,221, 11873
1780333500.028312407,221, 11873
1780333501.079796344,221, 11873
1780333502.135246410,221, 11873
1780333503.277825396,221, 11873
1780333504.331121618,221, 11873
1780333505.385979362,221, 11873
1780333506.452131175,221, 11873
1780333507.498158721,221, 11873
1780333508.555338312,221, 11873
1780333509.612431798,221, 11873
1780333510.660129391,221, 11873
1780333511.706986285,221, 11873
1780333512.758312561,221, 11873
1780333513.800367210,221, 11873
1780333514.876898822,221, 11873
1780333515.932293542,221, 11873
1780333516.987164408,221, 11873
1780333518.043418699,221, 11873
1780333519.091761077,221, 11873
1780333520.144473690,221, 11873
1780333521.195236162,221, 11873
1780333522.256339933,221, 11873
1780333523.304230071,221, 11873
1780333524.352251026,221, 11873
1780333525.413213683,221, 11873
1780333526.475155920,221, 11873
1780333527.533729618,221, 11873
1780333528.590414315,221, 11873
1780333529.638715344,221, 11873
1780333530.693707315,221, 11873
1780333531.748037059,221, 11873
1780333532.802533958,221, 11873
1780333533.913245518,221, 11873
1780333534.975294578,221, 11873
1780333536.030690204,221, 11873
1780333537.088890392,221, 11873
1780333538.131819227,221, 11873
1780333539.182519035,221, 11873
1780333540.240077852,221, 11873
1780333541.298140233,221, 11873
1780333542.361785401,221, 11873
1780333543.429191515,221, 11873
1780333544.481973003,221, 11873
1780333545.538664539,221, 11873
1780333546.581489982,221, 11873
1780333547.641296281,221, 11873
1780333548.704250984,221, 11873
1780333549.796260965,221, 11873
1780333550.854096316,221, 11873
1780333551.903242646,221, 11873
1780333552.947907279,221, 11873
1780333554.004647075,221, 11873
1780333555.064935946,221, 11873
1780333556.113808366,221, 11873
1780333557.169208875,221, 11873
1780333558.230635926,221, 11873
1780333559.294500408,221, 11873
1780333560.354314763,221, 11873
1780333561.411058183,221, 11873
1780333562.469594631,221, 11873
1780333563.525467980,221, 11873
1780333564.583319334,221, 11873
1780333565.644054435,221, 11873
1780333566.696033474,221, 11873
1780333567.752226042,221, 11873
1780333568.805741625,221, 11873
1780333569.865345177,221, 11873
1780333570.916212032,221, 11873
1780333571.981191327,221, 11873
1780333573.039110250,221, 11873
1780333574.083256358,221, 11873
1780333575.135390850,221, 11873
1780333576.185180570,221, 11873
1780333577.243012318,221, 11873
1780333578.292848610,221, 11873
1780333579.352050555,221, 11873
1780333580.398829120,221, 11873
1780333581.450585749,221, 11873
1780333582.533930807,221, 11873
1780333583.590773978,221, 11873
1780333584.648447192,221, 11873
1780333585.698636017,221, 11873
1780333586.746716360,221, 11873
1780333587.795490487,221, 11873
1780333588.853904227,221, 11873
1780333589.913272213,221, 11873
1780333590.961700631,221, 11873
1780333592.016253617,221, 11873
1780333593.073530020,221, 11873
1780333594.119337573,221, 11873
1780333595.161176071,221, 11873
1780333596.208364050,221, 11873
1780333597.262156755,221, 11873
1780333598.314023095,221, 11873
1780333599.364505813,221, 11873
1780333600.418056700,221, 11873
1780333601.470224090,221, 11873
1780333602.536451611,221, 11873
1780333603.593731796,221, 11873
1780333604.651044977,221, 11873
1780333605.707297921,221, 11873
1780333606.765122968,221, 11873
1780333607.817134495,221, 11873
1780333608.857364921,221, 11873
1780333609.905613367,221, 11873
1780333610.963017248,221, 11873
1780333612.025214334,221, 11873
1780333613.080549322,221, 11873
1780333614.131546115,221, 11873
1780333615.182204252,221, 11873
1780333616.235676858,221, 11873
1780333617.291340068,221, 11873
1780333618.341769299,221, 11873
1780333619.419063599,221, 11873
1780333620.473082776,221, 11873
1780333621.532736407,221, 11873
1780333622.592334010,221, 11873
1780333623.650261684,221, 11873
1780333624.705090034,221, 11873
1780333625.755289870,221, 11873
1780333626.812665219,221, 11873
1780333627.870651079,221, 11873
1780333628.914783522,221, 11873
1780333629.969614636,221, 11873
1780333631.012377618,221, 11873
1780333632.089032314,221, 11873
1780333633.142887646,221, 11873
1780333634.190274412,221, 11873
1780333635.245428863,221, 11873
1780333636.305088889,221, 11873
1780333637.361496414,221, 11873
1780333638.412887350,221, 11873
1780333639.464160709,221, 11873
1780333640.517710293,221, 11873
1780333641.568782096,221, 11873
1780333642.611700528,221, 11873
1780333643.665285495,221, 11873
1780333644.712617490,221, 11873
1780333645.765216439,221, 11873
1780333646.821112579,221, 11873
1780333647.868636713,221, 11873
1780333648.922542455,221, 11873
1780333649.982120994,221, 11873
1780333651.037345415,221, 11873
1780333652.097258706,221, 11873
1780333653.161842927,221, 11873
1780333654.208177253,221, 11873
1780333655.259402119,221, 11873
1780333656.312379836,221, 11873
1780333657.369011769,221, 11873
1780333658.432307690,221, 11873
1780333659.470494163,221, 11873
1780333660.528618591,221, 11873
1780333661.570746322,221, 11873
1780333662.614981594,221, 11873
1780333663.666785372,221, 11873
1780333664.726025900,221, 11873
1780333665.778007475,221, 11873
1780333666.834503485,221, 11873
1780333667.888781656,221, 11873
1780333668.941484449,221, 11873
1780333669.994151582,221, 11873
1780333671.050820068,221, 11873
1780333672.109980354,221, 11873
1780333673.164428014,221, 11873
1780333674.203886904,221, 11873
1780333675.260140408,221, 11873
1780333676.306803399,221, 11873
1780333677.360429879,221, 11873
1780333678.407355506,221, 11873
1780333679.465097103,221, 11873
1780333680.519403655,221, 11873
1780333681.561711490,221, 11873
1780333682.634892181,221, 11873
1780333683.690658015,221, 11873
1780333684.729984207,221, 11873
1780333685.799814033,221, 11873
1780333686.865502574,221, 11873
1780333687.921690481,221, 11873
1780333688.973495970,221, 11873
1780333690.026038666,221, 11873
1780333691.123596237,221, 11873
1780333692.180171044,221, 11873
1780333693.229885820,221, 11873
1780333694.286987250,221, 11873
1780333695.333659247,221, 11873
1780333696.395409863,221, 11873
1780333697.450487811,221, 11873
1780333698.497482091,221, 11873
1780333699.545314900,221, 11873
1780333700.597910293,221, 11873
1780333701.641956533,221, 11873
1780333702.680015275,221, 11873
1780333703.737229399,221, 11873
1780333704.785179414,221, 11873
1780333705.834554652,221, 11873
1780333706.889097362,221, 11873
1780333707.940035026,221, 11873
1780333708.998983936,221, 11873
1780333710.050439468,221, 11873
1780333711.106500907,221, 11873
1780333712.162901392,221, 11873
1780333713.219924634,221, 11873
1780333714.264896962,221, 11873
1780333715.312362516,221, 11873
1780333716.372971275,221, 11873
1780333717.420352094,221, 11873
1780333718.472750991,221, 11873
1780333719.524535073,221, 11873
1780333720.577520403,221, 11873
1780333721.615287070,221, 11873
1780333722.656864926,221, 11873
1780333723.710340055,221, 11873
1780333724.760591447,221, 11873
1780333725.816957331,221, 11873
1780333726.868100448,221, 11873
1780333727.918388728,221, 11873
1780333728.984476695,221, 11873
1780333730.035801446,221, 11873
1780333731.085983170,221, 11873
1780333732.138981884,221, 11873
1780333733.194774407,221, 11873
1780333734.265331861,221, 11873
1780333735.320088691,221, 11873
1780333736.374101335,221, 11873
1780333737.426829677,221, 11873
1780333738.480016886,221, 11873
1780333739.535436517,221, 11873
1780333740.585596959,221, 11873
1780333741.625786160,221, 11873
1780333742.664231666,221, 11873
1780333743.717370416,221, 11873
1780333744.774318357,221, 11873
1780333745.820112217,221, 11873
1780333746.872129118,221, 11873
1780333747.938577390,221, 11873
1780333748.992485219,221, 11873
1780333750.044706317,221, 11873
1780333751.102836041,221, 11873
1780333752.159327368,221, 11873
1780333753.211593324,221, 11873
1780333754.264499096,221, 11873
1780333755.322128736,221, 11873
1780333756.377423570,221, 11873
1780333757.422333625,221, 11873
1780333758.472483616,221, 11873
1780333759.529489386,221, 11873
1780333760.581257762,221, 11873
1780333761.655972777,221, 11873
1780333762.711846879,221, 11873
1780333763.767626647,221, 11873
1780333764.818691653,221, 11873
1780333765.866664006,221, 11873
1780333766.920041157,221, 11873
1780333767.975198341,221, 11873
1780333769.032698209,221, 11873
1780333770.083807565,221, 11873
1780333771.139904290,221, 11873
1780333772.192783445,221, 11873
1780333773.249160796,221, 11873
1780333774.305347436,221, 11873
1780333775.359334713,221, 11873
1780333776.415142993,221, 11873
1780333777.471768264,221, 11873
1780333778.581621929,221, 11873
1780333779.629828136,221, 11873
1780333780.667992021,221, 11873
1780333781.758126753,221, 11873
1780333782.820011263,221, 11873
1780333783.874813839,221, 11873
1780333784.927781587,221, 11873
1780333785.985487378,221, 11873
1780333787.042521281,221, 11873
1780333788.087172605,221, 11873
1780333789.133232526,221, 11873
1780333790.184816839,221, 11873
1780333791.241064119,221, 11873
1780333792.295053045,221, 11873
1780333793.351006906,221, 11873
1780333794.403754868,221, 11873
1780333795.477529962,221, 11873
1780333796.522677024,221, 11873
1780333797.576554511,221, 11873
1780333798.627203099,221, 11873
1780333799.692282100,221, 11873
1780333800.746637292,221, 11873
1780333801.796930068,221, 11873
1780333802.866097671,221, 11873
1780333803.915739516,221, 11873
1780333804.967090758,221, 11873
1780333806.022911480,221, 11873
1780333807.074448252,221, 11873
1780333808.136020810,221, 11873
1780333809.182471360,221, 11873
1780333810.231274979,221, 11873
1780333811.281635617,221, 11873
1780333812.337801349,221, 11873
1780333813.396262597,221, 11873
1780333814.456189765,221, 11873
1780333815.515564406,221, 11873
1780333816.561552474,221, 11873
1780333817.611004361,221, 11873
1780333818.674469315,221, 11873
1780333819.728654784,221, 11873
1780333820.776754422,221, 11873
1780333821.832257965,221, 11873
1780333822.885334870,221, 11873
1780333823.937608612,221, 11873
1780333824.989717953,221, 11873
1780333826.047516961,221, 11873
1780333827.105961891,221, 11873
1780333828.164975590,221, 11873
1780333829.219900668,221, 11873
1780333830.276596456,221, 11873
1780333831.323093425,221, 11873
1780333832.376383842,221, 11873
1780333833.437872575,221, 11873
1780333834.485506913,221, 11873
1780333835.536477003,221, 11873
1780333836.577085729,221, 11873
1780333837.625510752,221, 11873
1780333838.678460089,221, 11873
1780333839.726514674,221, 11873
1780333840.771655138,221, 11873
1780333841.816204300,221, 11873
1780333842.864118800,221, 11873
1780333843.913258503,221, 11873
1780333844.966983284,221, 11873
1780333846.020771137,221, 11873
1780333847.076232647,221, 11873
1780333848.134810912,221, 11873
1780333849.188693007,221, 11873
1780333850.246006306,221, 11873
1780333851.303186543,221, 11873
1780333852.361347977,221, 11873
1780333853.409538229,221, 11873
1780333854.456898391,221, 11873
1780333855.511254792,221, 11873
1780333856.556213864,221, 11873
1780333857.611502314,221, 11873
1780333858.664211070,221, 11873
1780333859.717864073,221, 11873
1780333860.780578650,221, 11873
1780333861.838763093,221, 11873
1780333862.892484668,221, 11873
1780333863.943513634,221, 11873
1780333865.006425678,221, 11873
1780333866.057118972,221, 11873
1780333867.110944442,221, 11873
1780333868.172904970,221, 11873
1780333869.235314526,221, 11873
1780333870.274467872,221, 11873
1780333871.331706956,221, 11873
1780333872.390717186,221, 11873
1780333873.441870494,221, 11873
1780333874.495335397,221, 11873
1780333875.543303508,221, 11873
1780333876.584318660,221, 11873
1780333877.625486486,221, 11873
1780333878.674443638,221, 11873
1780333879.716681940,221, 11873
1780333880.770069095,221, 11873
1780333881.824414127,221, 11873
1780333882.877172672,221, 11873
1780333883.926027919,221, 11873
1780333884.978411710,221, 11873
1780333886.036933684,221, 11873
1780333887.097495367,221, 11873
1780333888.152808447,221, 11873
1780333889.208798053,221, 11873
1780333890.266965727,221, 11873
1780333891.328976884,221, 11873
1780333892.379245597,221, 11873
1780333893.427740711,221, 11873
1780333894.480819490,221, 11873
1780333895.525180005,221, 11873
1780333896.580451982,221, 11873
1780333897.678322934,221, 11873
1780333898.740314662,221, 11873
1780333899.793156748,221, 11873
1780333900.872432456,221, 11873
1780333901.921631410,221, 11873
1780333902.980667114,221, 11873
1780333904.025748585,221, 11873
1780333905.086355963,221, 11873
1780333906.140214133,221, 11873
1780333907.197821680,221, 11873
1780333908.256365470,221, 11873
1780333909.311577038,221, 11873
1780333910.358836200,221, 11873
1780333911.414108844,221, 11873
1780333912.471113726,221, 11873
1780333913.529119494,221, 11873
1780333914.584723092,221, 11873
1780333915.634635897,221, 11873
1780333916.685973725,221, 11873
1780333917.736607044,221, 11873
1780333918.787501673,221, 11873
1780333919.838537351,221, 11873
1780333920.889833075,221, 11873
1780333921.946083150,221, 11873
1780333922.999911029,221, 11873
1780333924.055392309,221, 11873
1780333925.104025142,221, 11873
1780333926.151791175,221, 11873
1780333927.206915587,221, 11873
1780333928.262542256,221, 11873
1780333929.315806662,221, 11873
1780333930.368487906,221, 11873
1780333931.458467130,221, 11873
1780333932.514234672,221, 11873
1780333933.572562454,221, 11873
1780333934.622850633,221, 11873
1780333935.678708978,221, 11873
1780333936.726356607,221, 11873
1780333937.772733612,221, 11873
1780333938.822731800,221, 11873
1780333939.881553832,221, 11873
1780333940.936046425,221, 11873
1780333941.991845349,221, 11873
1780333943.047984714,221, 11873
1780333944.111083860,221, 11873
1780333945.172395913,221, 11873
1780333946.233982460,221, 11873
1780333947.293471744,221, 11873
1780333948.361048909,221, 11873
1780333949.419094015,221, 11873
1780333950.475257016,221, 11873
1780333951.540314843,221, 11873
1780333952.604801812,221, 11873
1780333953.660487351,221, 11873
1780333954.718802987,221, 11873
1780333955.765838996,221, 11873
1780333956.817122595,221, 11873
1780333957.871965880,221, 11873
1780333958.927981014,221, 11873
1780333959.984857508,221, 11873
1780333961.042451040,221, 11873
1780333962.107287181,221, 11873
1780333963.159928565,221, 11873
1780333964.216487670,221, 11873
1780333965.264342915,221, 11873
1780333966.317360350,221, 11873
1780333967.384615314,221, 11873
1780333968.433600453,221, 11873
1780333969.486490050,221, 11873
1780333970.537627569,221, 11873
1780333971.576258165,221, 11873
1780333972.635698366,221, 11873
1780333973.695353558,221, 11873
1780333974.751892957,221, 11873
1780333975.810333756,221, 11873
1780333976.868474147,221, 11873
1780333977.920866246,221, 11873
1780333978.977631636,221, 11873
1780333980.032286125,221, 11873
1780333981.077046512,221, 11873
1780333982.158326125,221, 11873
1780333983.202721986,221, 11873
1780333984.248295692,221, 11873
1780333985.301723238,221, 11873
1780333986.352705681,221, 11873
1780333987.410155007,221, 11873
1780333988.461575525,221, 11873
1780333989.507605037,221, 11873
1780333990.566594085,221, 11873
1780333991.612838681,221, 11873
1780333992.653495055,221, 11873
1780333993.700233150,221, 11873
1780333994.752807383,221, 11873
1780333995.803491357,221, 11873
1780333996.861133330,221, 11873
1780333997.923756134,221, 11873
1780333998.972178935,221, 11873
1780334000.026252924,221, 11873
1780334001.080452832,221, 11873
1780334002.135550308,221, 11873
1780334003.190454018,221, 11873
1780334004.247110998,221, 11873
1780334005.316034419,221, 11873
1780334006.368714610,221, 11873
1780334007.419675041,221, 11873
1780334008.474064825,221, 11873
1780334009.524351220,221, 11873
1780334010.574367245,221, 11873
1780334011.614977967,221, 11873
1780334012.655322368,221, 11873
1780334013.723573155,221, 11873
1780334014.764874629,221, 11873
1780334015.815817470,221, 11873
1780334016.870803516,221, 11873
1780334017.923068701,221, 11873
1780334018.977716121,221, 11873
1780334020.030243071,221, 11873
1780334021.086728187,221, 11873
1780334022.150193267,221, 11873
1780334023.217864120,221, 11873
1780334024.270946984,221, 11873
1780334025.328354329,221, 11873
1780334026.377990404,221, 11873
1780334027.437074835,221, 11873
1780334028.492403409,221, 11873
1780334029.550652671,221, 11873
1780334030.600615167,221, 11873
1780334031.642876660,221, 11873
1780334032.681470740,221, 11873
1780334033.732732100,221, 11873
1780334034.791331531,221, 11873
1780334035.848188878,221, 11873
1780334036.898854775,221, 11873
1780334037.945053275,221, 11873
1780334038.996046855,221, 11873
1780334040.070079740,221, 11873
1780334041.121651972,221, 11873
1780334042.175954448,221, 11873
1780334043.249892119,221, 11873
1780334044.300831116,221, 11873
1780334045.354697320,221, 11873
1780334046.397670323,221, 11873
1780334047.452109553,221, 11873
1780334048.508621699,221, 11873
1780334049.565984005,221, 11873
1780334050.631694256,221, 11873
1780334051.690181895,221, 11873
1780334052.739892275,221, 11873
1780334053.794622863,221, 11873
1780334054.848504260,221, 11873
1780334055.932477891,221, 11873
1780334056.986008604,221, 11873
1780334058.033201921,221, 11873
1780334059.091403126,221, 11873
1780334060.146721375,221, 11873
1780334061.202955135,221, 11873
1780334062.250578584,221, 11873
1780334063.306711501,221, 11873
1780334064.351841913,221, 11873
1780334065.404011294,221, 11873
1780334066.459565351,221, 11873
1780334067.513829676,221, 11873
1780334068.559541954,221, 11873
1780334069.610425443,221, 11873
1780334070.664766411,221, 11873
1780334071.719637799,221, 11873
1780334072.776680781,221, 11873
1780334073.830465082,221, 11873
1780334074.888369567,221, 11873
1780334075.941292405,221, 11873
1780334076.989176762,221, 11873
1780334078.030318995,221, 11873
1780334079.085077334,221, 11873
1780334080.141808262,221, 11873
1780334081.200268861,221, 11873
1780334082.260366245,221, 11873
1780334083.316191553,221, 11873
1780334084.371848407,221, 11873
1780334085.425749559,221, 11873
1780334086.479518601,221, 11873
1780334087.534264996,221, 11873
1780334088.588209254,221, 11873
1780334089.635886729,221, 11873
1780334090.685908792,221, 11873
1780334091.740419191,221, 11873
1780334092.788895050,221, 11873
1780334093.839816297,221, 11873
1780334094.893751057,221, 11873
1780334095.949489809,221, 11873
1780334097.005391575,221, 11873
1780334098.044246805,221, 11873
1780334099.092531439,221, 11873
1780334100.160831036,221, 11873
1780334101.215344361,221, 11873
1780334102.268588749,221, 11873
1780334103.329731912,221, 11873
1780334104.374996390,221, 11873
1780334105.422455017,221, 11873
1780334106.476572520,221, 11873
1780334107.530484376,221, 11873
1780334108.588531509,221, 11873
1780334109.638172074,221, 11873
1780334110.691486447,221, 11873
1780334111.751968997,221, 11873
1780334112.802755439,221, 11873
1780334113.858185531,221, 11873
1780334114.919174975,221, 11873
1780334115.974484179,221, 11873
1780334117.036006656,221, 11873
1780334118.099247191,221, 11873
1780334119.156459111,221, 11873
1780334120.204802462,221, 11873
1780334121.253984634,221, 11873
1780334122.310520302,221, 11873
1780334123.358786103,221, 11873
1780334124.410562836,221, 11873
1780334125.467244983,221, 11873
1780334126.514276897,221, 11873
1780334127.572496110,221, 11873
1780334128.628425014,221, 11873
1780334129.693869787,221, 11873
1780334130.754812381,221, 11873
1780334131.811631390,221, 11873
1780334132.865850731,221, 11873
1780334133.913516342,221, 11873
1780334134.965224906,221, 11873
1780334136.014624886,221, 11873
1780334137.073976038,221, 11873
1780334138.130118101,221, 11873
1780334139.214362111,221, 11873
1780334140.269691636,221, 11873
1780334141.327175938,221, 11873
1780334142.383203457,221, 11873
1780334143.436112329,221, 11873
1780334144.488979184,221, 11873
1780334145.532152389,221, 11873
1780334146.570288625,221, 11873
1780334147.627168083,221, 11873
1780334148.671453693,221, 11873
1780334149.729281682,221, 11873
1780334150.776168452,221, 11873
1780334151.830359088,221, 11873
1780334152.880039160,221, 11873
1780334153.925135334,221, 11873
1780334154.971881533,221, 11873
1780334156.025576206,221, 11873
1780334157.080545386,221, 11873
1780334158.138515401,221, 11873
1780334159.191337122,221, 11873
1780334160.241012959,221, 11873
1780334161.294354310,221, 11873
1780334162.336150742,221, 11873
1780334163.381954147,221, 11873
1780334164.438811381,221, 11873
1780334165.494418377,221, 11873
