conf,precision,recall,interpolated_precision
,1,0,1
0.99,0.7235294117647059,0.09307604994324631,0.7235294117647059
0.98,0.6614699331848553,0.11237230419977298,0.6614699331848553
0.97,0.6377358490566037,0.12788497919031402,0.6377358490566037
0.96,0.6313043478260869,0.1373439273552781,0.6313043478260869
0.95,0.6237785016286646,0.14491108588724932,0.6237785016286646
0.94,0.6138461538461538,0.15096481271282633,0.6138461538461538
0.9299999999999999,0.6038291605301914,0.1551267499054105,0.609308885754584
0.9199999999999999,0.609308885754584,0.16345062429057888,0.609308885754584
0.9099999999999999,0.6081632653061224,0.16912599318955732,0.6081632653061224
0.8999999999999999,0.6007905138339921,0.17253121452894438,0.6007905138339921
0.8899999999999999,0.5968992248062015,0.17480136208853575,0.5968992248062015
0.8799999999999999,0.5934343434343434,0.17782822550132427,0.5934343434343434
0.8699999999999999,0.591187270501836,0.18274687854710556,0.591187270501836
0.8599999999999999,0.5879518072289157,0.1846386681800984,0.5879518072289157
0.8499999999999999,0.5849941383352872,0.18880060537268256,0.5849941383352872
0.8399999999999999,0.5833333333333334,0.19069239500567536,0.5833333333333334
0.8299999999999998,0.5797266514806378,0.1925841846386682,0.5797266514806378
0.8199999999999998,0.578177727784027,0.194475974271661,0.578177727784027
0.8099999999999998,0.5734806629834254,0.1963677639046538,0.5734806629834254
0.7999999999999998,0.5704918032786885,0.19750283768444948,0.5704918032786885
0.7899999999999998,0.5694294940796556,0.20015134317063943,0.5694294940796556
0.7799999999999998,0.5692963752665245,0.20204313280363223,0.5692963752665245
0.7699999999999998,0.5669125395152792,0.2035565645100265,0.5669125395152792
0.7599999999999998,0.5644490644490644,0.2054483541430193,0.5644490644490644
0.7499999999999998,0.5627572016460906,0.20696178584941355,0.5627572016460906
0.7399999999999998,0.5625635808748728,0.20923193340900492,0.5625635808748728
0.7299999999999998,0.5585585585585585,0.21112372304199772,0.5596508244422891
0.7199999999999998,0.5583905789990187,0.21528566023458193,0.5596508244422891
0.7099999999999997,0.5596508244422891,0.21831252364737042,0.5596508244422891
0.6999999999999997,0.5559808612440191,0.21982595535376467,0.5559808612440191
0.6899999999999997,0.5533522190745986,0.22171774498675748,0.5533522190745986
0.6799999999999997,0.5527544351073763,0.22398789254634885,0.5527544351073763
0.6699999999999997,0.5493087557603686,0.2255013242527431,0.5493087557603686
0.6599999999999997,0.5470319634703197,0.2266363980325388,0.5470319634703197
0.6499999999999997,0.5454545454545454,0.2292849035187287,0.5454545454545454
0.6399999999999997,0.544404973357016,0.23193340900491866,0.544404973357016
0.6299999999999997,0.5414847161572053,0.2345819144911086,0.5414847161572053
0.6199999999999997,0.5393258426966292,0.23609534619750283,0.5393258426966292
0.6099999999999997,0.5357751277683135,0.23798713583049566,0.5357751277683135
0.5999999999999996,0.5318257956448911,0.24025728339008703,0.5318257956448911
0.5899999999999996,0.5314569536423841,0.24290578887627695,0.5314569536423841
0.5799999999999996,0.5287356321839081,0.2436625047294741,0.5287356321839081
0.5699999999999996,0.5263157894736842,0.24593265228906547,0.5263157894736842
0.5599999999999996,0.5245374094931617,0.24668936814226258,0.5245374094931617
0.5499999999999996,0.5238473767885533,0.24933787362845253,0.5238473767885533
0.5399999999999996,0.5208497246262785,0.2504729474082482,0.5208978328173375
0.5299999999999996,0.5208978328173375,0.2546348846008324,0.5208978328173375
0.5199999999999996,0.5160796324655437,0.25501324252743096,0.5160796324655437
0.5099999999999996,0.5150375939849624,0.25917517972001514,0.5150375939849624
0.49999999999999956,0.5133531157270029,0.2618236852062051,0.5146412884333821
0.48999999999999955,0.5146412884333821,0.26598562239878926,0.5146412884333821
0.47999999999999954,0.5126353790613718,0.2686341278849792,0.5141643059490085
0.46999999999999953,0.5135520684736091,0.2724177071509648,0.5141643059490085
0.4599999999999995,0.5141643059490085,0.2746878547105562,0.5141643059490085
0.4499999999999995,0.5121781489213639,0.2784714339765418,0.5121781489213639
0.4399999999999995,0.510989010989011,0.2814982973893303,0.510989010989011
0.4299999999999995,0.5091401489505755,0.2845251608021188,0.5091401489505755
0.4199999999999995,0.5066225165562914,0.28944381384790013,0.5076470588235295
0.4099999999999995,0.5061648280337443,0.29511918274687854,0.5076470588235295
0.39999999999999947,0.5050890585241731,0.30041619371925843,0.5076470588235295
0.38999999999999946,0.5028107432854466,0.3045781309118426,0.5076470588235295
0.37999999999999945,0.5067401960784313,0.31290200529701095,0.5076470588235295
0.36999999999999944,0.5066344993968637,0.3178206583427923,0.5076470588235295
0.35999999999999943,0.5076470588235295,0.3265228906545592,0.5076470588235295
0.3499999999999994,0.5037249283667622,0.3325766174801362,0.5061590145576708
0.3399999999999994,0.5061590145576708,0.3420355656451003,0.5061590145576708
0.3299999999999994,0.5030170049369171,0.34695421869088156,0.5030170049369171
0.3199999999999994,0.4967811158798283,0.35035944003026864,0.4967811158798283
0.3099999999999994,0.4960547080483956,0.3567915247824442,0.4960547080483956
0.2999999999999994,0.4953416149068323,0.3620885357548241,0.4953416149068323
0.28999999999999937,0.4944612286002014,0.37154748391978815,0.4944612286002014
0.27999999999999936,0.49135802469135803,0.3764661369655694,0.49135802469135803
0.26999999999999935,0.48960850652489124,0.38327657964434353,0.48960850652489124
0.25999999999999934,0.4874941009910335,0.3908437381763148,0.4874941009910335
0.24999999999999933,0.4863867097369635,0.3987892546348846,0.4863867097369635
0.23999999999999932,0.48365427675772504,0.4086265607264472,0.48519736842105265
0.22999999999999932,0.4840958605664488,0.42035565645100265,0.48519736842105265
0.2199999999999993,0.4845273420941077,0.43246311010215666,0.48519736842105265
0.2099999999999993,0.48519736842105265,0.44646235338630347,0.48519736842105265
0.1999999999999993,0.4833533894905736,0.4559213015512675,0.48349587396849214
0.18999999999999928,0.4823300970873786,0.4699205448354143,0.48349587396849214
0.17999999999999927,0.48349587396849214,0.4877033673855467,0.48349587396849214
0.16999999999999926,0.48267055819044147,0.5005675368898979,0.48267055819044147
0.15999999999999925,0.4816124469589816,0.5153234960272418,0.4816124469589816
0.14999999999999925,0.48021828103683495,0.5327279606507757,0.48021828103683495
0.13999999999999924,0.47742146596858637,0.5520242149073024,0.47742146596858637
0.12999999999999923,0.4739321608040201,0.5709421112372304,0.4739321608040201
0.11999999999999922,0.4709424872026498,0.5917517972001514,0.4709424872026498
0.10999999999999921,0.46919976971790445,0.6167234203556564,0.46919976971790445
0.0999999999999992,0.46609936865220974,0.6424517593643587,0.46609936865220974
0.08999999999999919,0.4652196652719665,0.6730987514188422,0.4652196652719665
0.07999999999999918,0.46429453916481345,0.7109345440786985,0.46429453916481345
0.06999999999999917,0.45965485074626866,0.7457434733257662,0.45965485074626866
0.059999999999999165,0.450989010989011,0.7763904653802497,0.450989010989011
0.049999999999999156,0.4403155490969483,0.8024971623155505,0.4403155490969483
0.03999999999999915,0.4219082639829688,0.8248202799848657,0.4219082639829688
0.02999999999999914,0.3989665003563792,0.8471433976541809,0.3989665003563792
0.01999999999999913,0.36366533864541833,0.863412788497919,0.36366533864541833
0.00999999999999912,0.3146947595894111,0.88157396897465,0.3146947595894111
0.001,0.17828358208955225,0.9038970866439652,0.17828358208955225
0,0.03497906741735239,0.9167612561483163,0.03497906741735239
